team_id,name,abbr,nickname,logo_file_name,city_id,park_id,league_id,sub_league_id,division_id,nation_id,parent_team_id,level,prevent_any_moves,human_team,human_id,gender,background_color_id,text_color_id,ballcaps_main_color_id,ballcaps_visor_color_id,jersey_main_color_id,jersey_away_color_id,jersey_secondary_color_id,jersey_pin_stripes_color_id,allstar_team,historical_id
31,"Arizona","ARI","Diamondbacks","arizona_diamondbacks.png",58739,13,100,1,2,206,0,1,0,1,32,0,"#A71930","#000000","#A71930","#000000","#A71930","#A71930","#000000","#000000",0,"ARI"
32,"Atlanta","ATL","Braves","atlanta_braves.png",4704,14,100,1,0,206,0,1,0,1,27,0,"#13274F","#CE1141","#13274F","#CE1141","#13274F","#13274F","#CE1141","#CE1141",0,"ATL"
33,"Baltimore","BAL","Orioles","baltimore_orioles.png",6650,15,100,0,0,206,0,1,0,1,43,0,"#DF4601","#000000","#DF4601","#000000","#DF4601","#DF4601","#000000","#000000",0,"BAL"
34,"Boston","BOS","Red Sox","boston_red_sox.png",10948,16,100,0,0,206,0,1,0,1,3,0,"#BD3039","#0D2B56","#BD3039","#0D2B56","#BD3039","#BD3039","#0D2B56","#0D2B56",0,"BOS"
35,"Chicago","CWS","White Sox","chicago_white_sox.png",13181,17,100,0,1,206,0,1,0,1,6,0,"#000000","#C4CED4","#000000","#C4CED4","#000000","#000000","#C4CED4","#C4CED4",0,"CHA"
36,"Chicago","CHC","Cubs","chicago_cubs.png",13181,18,100,1,1,206,0,1,0,1,11,0,"#0E3386","#CC3433","#0E3386","#CC3433","#0E3386","#0E3386","#CC3433","#CC3433",0,"CHN"
37,"Cincinnati","CIN","Reds","cincinnati_reds.png",13776,19,100,1,1,206,0,1,0,1,8,0,"#C6011F","#041E42","#C6011F","#041E42","#C6011F","#C6011F","#041E42","#041E42",0,"CIN"
38,"Cleveland","CLE","Indians","cleveland_indians.png",14082,20,100,0,1,206,0,1,0,1,44,0,"#E31937","#002B5C","#E31937","#002B5C","#E31937","#E31937","#002B5C","#002B5C",0,"CLE"
39,"Colorado","COL","Rockies","colorado_rockies.png",20170,21,100,1,2,206,0,1,0,1,21,0,"#333366","#C4CED4","#333366","#C4CED4","#333366","#333366","#C4CED4","#C4CED4",0,"COL"
40,"Detroit","DET","Tigers","detroit_tigers.png",20315,22,100,0,1,206,0,1,0,1,42,0,"#0C2C56","#FF6600","#0C2C56","#FF6600","#0C2C56","#0C2C56","#FF6600","#FF6600",0,"DET"
41,"Miami","MIA","Marlins","miami_marlins.png",50031,23,100,1,0,206,0,1,0,1,2,0,"#FF6600","#0077C8","#FF6600","#0077C8","#FF6600","#FF6600","#0077C8","#0077C8",0,"FLO"
42,"Houston","HOU","Astros","houston_astros.png",32688,24,100,0,2,206,0,1,0,1,31,0,"#002D62","#EB6E1F","#002D62","#EB6E1F","#002D62","#002D62","#EB6E1F","#EB6E1F",0,"HOU"
43,"Kansas City","KC","Royals","kansas_city_royals.png",36925,25,100,0,1,206,0,1,0,1,24,0,"#004687","#C09A5B","#004687","#C09A5B","#004687","#004687","#C09A5B","#C09A5B",0,"KCA"
44,"Los Angeles","LAA","Angels","los_angeles_angels.png",2845,26,100,0,2,206,0,1,0,1,15,0,"#BA0021","#003263","#BA0021","#003263","#BA0021","#BA0021","#003263","#003263",0,"LAA"
45,"Los Angeles","LAD","Dodgers","los_angeles_dodgers.png",41955,27,100,1,2,206,0,1,0,1,19,0,"#005A9C","#EF3E42","#005A9C","#EF3E42","#005A9C","#005A9C","#EF3E42","#EF3E42",0,"LAN"
46,"Milwaukee","MIL","Brewers","milwaukee_brewers.png",50428,28,100,1,1,206,0,1,0,1,22,0,"#0A2351","#B6922E","#0A2351","#B6922E","#0A2351","#0A2351","#B6922E","#B6922E",0,"MIL"
47,"Minnesota","MIN","Twins","minnesota_twins.png",50536,29,100,0,1,206,0,1,0,1,40,0,"#002B5C","#D31145","#002B5C","#D31145","#002B5C","#002B5C","#D31145","#D31145",0,"MIN"
48,"New York","NYY","Yankees","new_york_yankees.png",55211,30,100,0,0,206,0,1,0,1,13,0,"#003087","#E4002B","#003087","#E4002B","#003087","#003087","#E4002B","#E4002B",0,"NYA"
49,"New York","NYM","Mets","new_york_mets.png",55211,31,100,1,0,206,0,1,1,1,12,0,"#002D72","#FF5910","#002D72","#FF5910","#002D72","#002D72","#FF5910","#FF5910",0,"NYN"
50,"Oakland","OAK","Athletics","oakland_athletics.png",56459,32,100,0,2,206,0,1,0,1,23,0,"#003831","#EFB21E","#003831","#EFB21E","#003831","#003831","#EFB21E","#EFB21E",0,"OAK"
51,"Philadelphia","PHI","Phillies","philadelphia_phillies.png",58713,33,100,1,0,206,0,1,0,1,17,0,"#E81828","#284898","#E81828","#284898","#E81828","#E81828","#284898","#284898",0,"PHI"
52,"Pittsburgh","PIT","Pirates","pittsburgh_pirates.png",59354,34,100,1,1,206,0,1,0,1,18,0,"#FDB827","#000000","#FDB827","#000000","#FDB827","#FDB827","#000000","#000000",0,"PIT"
53,"San Diego","SD","Padres","san_diego_padres.png",69896,35,100,1,2,206,0,1,0,1,7,0,"#05143F","#B3A369","#05143F","#B3A369","#05143F","#05143F","#B3A369","#B3A369",0,"SDN"
54,"Seattle","SEA","Mariners","seattle_mariners.png",72460,36,100,0,2,206,0,1,0,1,9,0,"#0C2C56","#005C5C","#0C2C56","#005C5C","#0C2C56","#0C2C56","#005C5C","#005C5C",0,"SEA"
55,"San Francisco","SF","Giants","san_francisco_giants.png",69999,37,100,1,2,206,0,1,0,1,20,0,"#FD5A1E","#000000","#FD5A1E","#000000","#FD5A1E","#FD5A1E","#000000","#000000",0,"SFN"
56,"St. Louis","STL","Cardinals","st_louis_cardinals.png",69095,38,100,1,1,206,0,1,0,1,25,0,"#C41E3A","#000066","#C41E3A","#000066","#C41E3A","#C41E3A","#000066","#000066",0,"SLN"
57,"Tampa Bay","TB","Rays","tampa_bay_rays.png",78373,39,100,0,0,206,0,1,0,1,4,0,"#092C5C","#8FBCE6","#092C5C","#8FBCE6","#092C5C","#092C5C","#8FBCE6","#8FBCE6",0,"TBA"
58,"Texas","TEX","Rangers","texas_rangers.png",4076,40,100,0,2,206,0,1,0,1,26,0,"#003278","#C0111F","#003278","#C0111F","#003278","#003278","#C0111F","#C0111F",0,"TEX"
59,"Toronto","TOR","Blue Jays","toronto_blue_jays.png",80680,41,100,0,0,36,0,1,0,1,10,0,"#134A8E","#E8291C","#134A8E","#E8291C","#134A8E","#134A8E","#E8291C","#E8291C",0,"TOR"
60,"Washington","WAS","Nationals","washington_nationals.png",87845,42,100,1,0,206,0,1,0,1,16,0,"#AB0003","#11225B","#AB0003","#11225B","#AB0003","#AB0003","#11225B","#11225B",0,"WAS"
85,"American League","AL","All-Stars","american_league_all-stars.png",0,17,100,0,0,0,0,1,0,0,0,0,"#9B0101","#000000","#BF3102","#000000","#FFFFFF","#FFFFFF","#BF3102","#BF3102",1,""
86,"National League","NL","All-Stars","national_league_all-stars.png",0,23,100,1,0,0,0,1,0,0,0,0,"#1E1E9E","#FFFFFF","#E4111A","#4372B3","#FFFFFF","#FFFFFF","#E4111A","#E4111A",1,""
157,"Columbus","CLM","Clippers","columbus_clippers.png",14625,81,101,0,2,206,38,2,0,0,0,0,"#DA291C","#C1C6C8","#DA291C","#C1C6C8","#DA291C","#DA291C","#C1C6C8","#C1C6C8",0,""
158,"Lehigh Valley","LHV","IronPigs","lehigh_valley_ironpigs.png",1707,82,101,0,0,206,51,2,0,0,0,0,"#A7A8AA","#041E42","#A7A8AA","#041E42","#A7A8AA","#A7A8AA","#041E42","#041E42",0,""
159,"Pawtucket","PAW","Red Sox","pawtucket_red_sox.png",63278,83,101,0,0,206,34,2,0,0,0,0,"#C8102E","#0C2340","#C8102E","#0C2340","#C8102E","#C8102E","#0C2340","#0C2340",0,""
160,"Rochester","ROC","Red Wings","rochester_red_wings.png",66478,84,101,0,0,206,47,2,0,0,0,0,"#DA291C","#FFCD00","#DA291C","#FFCD00","#DA291C","#DA291C","#FFCD00","#FFCD00",0,""
161,"Scranton WB","SCR","RailRiders","scranton_wb_railriders.png",51736,85,101,0,0,206,48,2,0,0,0,0,"#85714D","#0C2340","#85714D","#0C2340","#85714D","#85714D","#0C2340","#0C2340",0,""
162,"Las Vegas","LVG","51s","las_vegas_51s.png",43942,86,102,1,1,206,49,2,0,0,0,0,"#7C878E","#003A70","#7C878E","#003A70","#7C878E","#7C878E","#003A70","#003A70",0,""
163,"Charlotte","CHR","Knights","charlotte_knights.png",25188,87,101,0,1,206,35,2,0,0,0,0,"#2D2926","#8A8D8F","#2D2926","#8A8D8F","#2D2926","#2D2926","#8A8D8F","#8A8D8F",0,""
164,"Durham","DUR","Bulls","durham_bulls.png",19502,88,101,0,1,206,57,2,0,0,0,0,"#A1561C","#001489","#A1561C","#001489","#A1561C","#A1561C","#001489","#001489",0,""
165,"Norfolk","NOR","Tides","norfolk_tides.png",56019,89,101,0,1,206,33,2,0,0,0,0,"#418FDE","#8A8D8F","#418FDE","#8A8D8F","#418FDE","#418FDE","#8A8D8F","#8A8D8F",0,""
166,"Gwinnett","GWI","Braves","gwinnett_braves.png",44165,90,101,0,1,206,32,2,0,0,0,0,"#BA0C2F","#FFFFFF","#BA0C2F","#FFFFFF","#BA0C2F","#BA0C2F","#FFFFFF","#FFFFFF",0,""
167,"Syracuse","SYR","Chiefs","syracuse_chiefs.png",77297,91,101,0,0,206,60,2,0,0,0,0,"#7C878E","#004B87","#7C878E","#004B87","#7C878E","#7C878E","#004B87","#004B87",0,""
168,"Indianapolis","IND","Indians","indianapolis_indians.png",34491,92,101,0,2,206,52,2,0,0,0,0,"#C8102E","#B2B4B2","#C8102E","#B2B4B2","#C8102E","#C8102E","#B2B4B2","#B2B4B2",0,""
169,"Louisville","LOU","Bats","louisville_bats.png",42078,93,101,0,2,206,37,2,0,0,0,0,"#685BC7","#FFFFFF","#685BC7","#FFFFFF","#685BC7","#685BC7","#FFFFFF","#FFFFFF",0,""
170,"Toledo","TOL","Mud Hens","toledo_mud_hens.png",80442,94,101,0,2,206,40,2,0,0,0,0,"#F2A900","#D50032","#F2A900","#D50032","#F2A900","#F2A900","#D50032","#D50032",0,""
171,"Iowa","IOW","Cubs","iowa_cubs.png",20253,95,102,0,0,206,36,2,0,0,0,0,"#002F6C","#C8102E","#002F6C","#C8102E","#002F6C","#002F6C","#C8102E","#C8102E",0,""
172,"Memphis","MEM","Redbirds","memphis_redbirds.png",49583,96,102,0,1,206,56,2,0,0,0,0,"#BA0C2F","#FFFFFF","#BA0C2F","#FFFFFF","#BA0C2F","#BA0C2F","#FFFFFF","#FFFFFF",0,""
173,"Nashville","NAS","Sounds","nashville_sounds.png",54298,97,102,0,1,206,50,2,0,0,0,0,"#D22630","#FFA300","#D22630","#FFA300","#D22630","#D22630","#FFA300","#FFA300",0,""
174,"Omaha","OMA","Storm Chasers","omaha_storm_chasers.png",57291,98,102,0,0,206,43,2,0,0,0,0,"#85714D","#002D72","#85714D","#002D72","#85714D","#85714D","#002D72","#002D72",0,""
175,"New Orleans","NRL","Zephyrs","new_orleans_zephyrs.png",55156,99,102,0,1,206,41,2,0,0,0,0,"#041E42","#8A8D8F","#041E42","#8A8D8F","#041E42","#041E42","#8A8D8F","#8A8D8F",0,""
176,"Buffalo","BUF","Bisons","buffalo_bisons.png",12314,100,101,0,0,206,59,2,0,0,0,0,"#001489","#BA0C2F","#001489","#BA0C2F","#001489","#001489","#BA0C2F","#BA0C2F",0,""
177,"Oklahoma City","OKL","Dodgers","oklahoma_city_dodgers.png",57035,101,102,0,0,206,45,2,0,0,0,0,"#002F6C","#A2AAAD","#002F6C","#A2AAAD","#002F6C","#002F6C","#A2AAAD","#A2AAAD",0,""
178,"Round Rock","RR","Express","round_rock_express.png",65670,102,102,0,1,206,58,2,0,0,0,0,"#002D72","#A2AAAD","#002D72","#A2AAAD","#002D72","#002D72","#A2AAAD","#A2AAAD",0,""
179,"Colorado Springs","CS","Sky Sox","colorado_springs_sky_sox.png",14578,103,102,0,0,206,46,2,0,0,0,0,"#041C2C","#BA0C2F","#041C2C","#BA0C2F","#041C2C","#041C2C","#BA0C2F","#BA0C2F",0,""
180,"El Paso","EP","Chihuahuas","el_paso_chihuahuas.png",23176,104,102,1,1,206,53,2,0,0,0,0,"#E1B87F","#BA0C2F","#E1B87F","#BA0C2F","#E1B87F","#E1B87F","#BA0C2F","#BA0C2F",0,""
181,"Salt Lake","SL","Bees","salt_lake_bees.png",69520,105,102,1,1,206,44,2,0,0,0,0,"#F2A900","#2D2926","#F2A900","#2D2926","#F2A900","#F2A900","#2D2926","#2D2926",0,""
182,"Tacoma","TAC","Rainiers","tacoma_rainiers.png",77882,106,102,1,0,206,54,2,0,0,0,0,"#0C2340","#FFFFFF","#0C2340","#FFFFFF","#0C2340","#0C2340","#FFFFFF","#FFFFFF",0,""
183,"Fresno","FRE","Grizzlies","fresno_grizzlies.png",24787,107,102,1,0,206,42,2,0,0,0,0,"#FA4616","#2D2926","#FA4616","#2D2926","#FA4616","#FA4616","#2D2926","#2D2926",0,""
184,"Albuquerque","ABQ","Isotopes","albuquerque_isotopes.png",1405,108,102,1,1,206,39,2,0,0,0,0,"#BA0C2F","#FEDB00","#BA0C2F","#FEDB00","#BA0C2F","#BA0C2F","#FEDB00","#FEDB00",0,""
185,"Sacramento","SAC","River Cats","sacramento_river_cats.png",67700,109,102,1,0,206,55,2,0,0,0,0,"#B3A369","#862633","#B3A369","#862633","#B3A369","#B3A369","#862633","#862633",0,""
186,"Reno","REN","Aces","reno_aces.png",66889,110,102,1,0,206,31,2,0,0,0,0,"#0C2340","#FFFFFF","#0C2340","#FFFFFF","#0C2340","#0C2340","#FFFFFF","#FFFFFF",0,""
187,"Binghamton","BIN","Mets","binghamton_mets.png",9591,111,103,0,0,206,49,3,0,0,0,0,"#003087","#F9423A","#003087","#F9423A","#003087","#003087","#F9423A","#F9423A",0,""
188,"New Britain","NBR","Rock Cats","new_britain_rock_cats.png",55064,112,103,0,0,206,39,3,0,0,0,0,"#E4002B","#8A8D8F","#E4002B","#8A8D8F","#E4002B","#E4002B","#8A8D8F","#8A8D8F",0,""
189,"New Hampshire","NHA","Fisher Cats","new_hampshire_fisher_cats.png",47541,113,103,0,0,206,59,3,0,0,0,0,"#0C2340","#C8102E","#0C2340","#C8102E","#0C2340","#0C2340","#C8102E","#C8102E",0,""
190,"Richmond","RCH","Flying Squirrels","richmond_flying_squirrels.png",64151,114,103,0,0,206,55,3,0,0,0,0,"#BA0C2F","#A7A8AA","#BA0C2F","#A7A8AA","#BA0C2F","#BA0C2F","#A7A8AA","#A7A8AA",0,""
191,"Portland","POR","Sea Dogs","portland_sea_dogs.png",60507,115,103,0,0,206,34,3,0,0,0,0,"#C8102E","#F1B434","#C8102E","#F1B434","#C8102E","#C8102E","#F1B434","#F1B434",0,""
192,"Trenton","TRE","Thunder","trenton_thunder.png",81062,116,103,0,0,206,48,3,0,0,0,0,"#FFB81C","#003DA5","#FFB81C","#003DA5","#FFB81C","#FFB81C","#003DA5","#003DA5",0,""
193,"Akron","AKR","RubberDucks","akron_rubberducks.png",849,117,103,0,1,206,38,3,0,0,0,0,"#0072CE","#FFD100","#0072CE","#FFD100","#0072CE","#0072CE","#FFD100","#FFD100",0,""
194,"Altoona","ALT","Curve","altoona_curve.png",2406,118,103,0,1,206,52,3,0,0,0,0,"#A4343A","#9E652E","#A4343A","#9E652E","#A4343A","#A4343A","#9E652E","#9E652E",0,""
195,"Bowie","BOW","Baysox","bowie_baysox.png",11164,119,103,0,1,206,33,3,0,0,0,0,"#FC4C02","#2D2926","#FC4C02","#2D2926","#FC4C02","#FC4C02","#2D2926","#2D2926",0,""
196,"Erie","ERI","SeaWolves","erie_seawolves.png",23889,120,103,0,1,206,40,3,0,0,0,0,"#BA0C2F","#2D2926","#BA0C2F","#2D2926","#BA0C2F","#BA0C2F","#2D2926","#2D2926",0,""
197,"Harrisburg","HAR","Senators","harrisburg_senators.png",30756,121,103,0,1,206,60,3,0,0,0,0,"#B3A369","#BA0C2F","#B3A369","#BA0C2F","#B3A369","#B3A369","#BA0C2F","#BA0C2F",0,""
198,"Reading","REA","Fightin Phils","reading_fightin_phils.png",65266,122,103,0,1,206,51,3,0,0,0,0,"#041E42","#FFFFFF","#041E42","#FFFFFF","#041E42","#041E42","#FFFFFF","#FFFFFF",0,""
199,"Jacksonville","JAX","Suns","jacksonville_suns.png",34776,123,104,0,1,206,41,3,0,0,0,0,"#FFC72C","#2D2926","#FFC72C","#2D2926","#FFC72C","#FFC72C","#2D2926","#2D2926",0,""
200,"Pensacola","PEN","Blue Wahoos","pensacola_blue_wahoos.png",63622,124,104,0,0,206,37,3,0,0,0,0,"#041E42","#CE0058","#041E42","#CE0058","#041E42","#041E42","#CE0058","#CE0058",0,""
201,"Biloxi","BIL","Shuckers","biloxi_shuckers.png",9528,125,104,0,0,206,46,3,0,0,0,0,"#003DA5","#9EA2A2","#003DA5","#9EA2A2","#003DA5","#003DA5","#9EA2A2","#9EA2A2",0,""
202,"Tennessee","TEN","Smokies","tennessee_smokies.png",39092,126,104,0,0,206,36,3,0,0,0,0,"#7DA1C4","#C6AA76","#7DA1C4","#C6AA76","#7DA1C4","#7DA1C4","#C6AA76","#C6AA76",0,""
203,"Jackson","JAC","Generals","jackson_generals.png",34758,127,104,0,0,206,54,3,0,0,0,0,"#2D2926","#FFFFFF","#2D2926","#FFFFFF","#2D2926","#2D2926","#FFFFFF","#FFFFFF",0,""
204,"Birmingham","BIR","Barons","birmingham_barons.png",9691,128,104,0,1,206,35,3,0,0,0,0,"#BF0D3E","#FFFFFF","#BF0D3E","#FFFFFF","#BF0D3E","#BF0D3E","#FFFFFF","#FFFFFF",0,""
205,"Mississippi","MIS","Braves","mississippi_braves.png",63362,129,104,0,1,206,32,3,0,0,0,0,"#BA0C2F","#EAAA00","#BA0C2F","#EAAA00","#BA0C2F","#BA0C2F","#EAAA00","#EAAA00",0,""
206,"Mobile","MOB","BayBears","mobile_baybears.png",50908,130,104,0,1,206,31,3,0,0,0,0,"#DFD1A7","#0C2340","#DFD1A7","#0C2340","#DFD1A7","#DFD1A7","#0C2340","#0C2340",0,""
207,"Montgomery","MON","Biscuits","montgomery_biscuits.png",51547,131,104,0,1,206,57,3,0,0,0,0,"#EAAA00","#13294B","#EAAA00","#13294B","#EAAA00","#EAAA00","#13294B","#13294B",0,""
208,"Chattanooga","CHT","Lookouts","chattanooga_lookouts.png",19029,132,104,0,0,206,47,3,0,0,0,0,"#002F6C","#E4002B","#002F6C","#E4002B","#002F6C","#002F6C","#E4002B","#E4002B",0,""
209,"Arkansas","ARK","Travelers","arkansas_travelers.png",56158,133,105,0,0,206,44,3,0,0,0,0,"#BA0C2F","#C1C6C8","#BA0C2F","#C1C6C8","#BA0C2F","#BA0C2F","#C1C6C8","#C1C6C8",0,""
210,"Springfield","SPF","Cardinals","springfield_cardinals.png",75711,134,105,0,0,206,56,3,0,0,0,0,"#BA0C2F","#FEDB00","#BA0C2F","#FEDB00","#BA0C2F","#BA0C2F","#FEDB00","#FEDB00",0,""
211,"Tulsa","TUL","Drillers","tulsa_drillers.png",81568,135,105,0,0,206,45,3,0,0,0,0,"#707372","#24135F","#707372","#24135F","#707372","#707372","#24135F","#24135F",0,""
212,"Northwest Arkansas","NWA","Naturals","northwest_arkansas_naturals.png",75698,136,105,0,0,206,43,3,0,0,0,0,"#8A1538","#C69214","#8A1538","#C69214","#8A1538","#8A1538","#C69214","#C69214",0,""
213,"Frisco","FRI","RoughRiders","frisco_roughriders.png",24713,137,105,0,1,206,58,3,0,0,0,0,"#C8102E","#C1C6C8","#C8102E","#C1C6C8","#C8102E","#C8102E","#C1C6C8","#C1C6C8",0,""
214,"Midland","MID","RockHounds","midland_rockhounds.png",50143,138,105,0,1,206,50,3,0,0,0,0,"#E57200","#004C97","#E57200","#004C97","#E57200","#E57200","#004C97","#004C97",0,""
215,"San Antonio","SAN","Missions","san_antonio_missions.png",69776,139,105,0,1,206,53,3,0,0,0,0,"#84754E","#2D2926","#84754E","#2D2926","#84754E","#84754E","#2D2926","#2D2926",0,""
216,"Corpus Christi","CC","Hooks","corpus_christi_hooks.png",15185,140,105,0,1,206,42,3,0,0,0,0,"#0C2340","#418FDE","#0C2340","#418FDE","#0C2340","#0C2340","#418FDE","#418FDE",0,""
217,"Bakersfield","BAK","Blaze","bakersfield_blaze.png",6327,141,106,0,0,206,54,4,0,0,0,0,"#EA7600","#FFFFFF","#EA7600","#FFFFFF","#EA7600","#EA7600","#FFFFFF","#FFFFFF",0,""
218,"Modesto","MOD","Nuts","modesto_nuts.png",50945,142,106,0,0,206,39,4,0,0,0,0,"#9D2235","#9E652E","#9D2235","#9E652E","#9D2235","#9D2235","#9E652E","#9E652E",0,""
219,"San Jose","SJO","Giants","san_jose_giants.png",70210,143,106,0,0,206,55,4,0,0,0,0,"#FA4616","#2D2926","#FA4616","#2D2926","#FA4616","#FA4616","#2D2926","#2D2926",0,""
220,"Stockton","STO","Ports","stockton_ports.png",76303,144,106,0,0,206,50,4,0,0,0,0,"#171C8F","#C8102E","#171C8F","#C8102E","#171C8F","#171C8F","#C8102E","#C8102E",0,""
221,"Visalia","VIS","Rawhide","visalia_rawhide.png",82987,145,106,0,0,206,31,4,0,0,0,0,"#B9975B","#2D2926","#B9975B","#2D2926","#B9975B","#B9975B","#2D2926","#2D2926",0,""
222,"High Desert","HIG","Mavericks","high_desert_mavericks.png",2256,146,106,0,1,206,58,4,0,0,0,0,"#E4002B","#DDCBA4","#E4002B","#DDCBA4","#E4002B","#E4002B","#DDCBA4","#DDCBA4",0,""
223,"Inland Empire","INL","66ers","inland_empire_66ers.png",69824,147,106,0,1,206,44,4,0,0,0,0,"#5E5C59","#FA4616","#5E5C59","#FA4616","#5E5C59","#5E5C59","#FA4616","#FA4616",0,""
224,"Lake Elsinore","LAK","Storm","lake_elsinore_storm.png",43203,148,106,0,1,206,53,4,0,0,0,0,"#2D2926","#E4002B","#2D2926","#E4002B","#2D2926","#2D2926","#E4002B","#E4002B",0,""
225,"Salem","SAL","Red Sox","salem_red_sox.png",69395,149,107,0,1,206,34,4,0,0,0,0,"#C8102E","#BBC7D6","#C8102E","#BBC7D6","#C8102E","#C8102E","#BBC7D6","#BBC7D6",0,""
226,"Rancho Cucamonga","RAN","Quakes","rancho_cucamonga_quakes.png",64993,150,106,0,1,206,45,4,0,0,0,0,"#B9975B","#002D72","#B9975B","#002D72","#B9975B","#B9975B","#002D72","#002D72",0,""
227,"Frederick","FRE","Keys","frederick_keys.png",24887,151,107,0,0,206,33,4,0,0,0,0,"#FC4C02","#2D2926","#FC4C02","#2D2926","#FC4C02","#FC4C02","#2D2926","#2D2926",0,""
228,"Bradenton","BRA","Marauders","bradenton_marauders.png",11283,152,108,0,1,206,52,4,0,0,0,0,"#FFC72C","#2D2926","#FFC72C","#2D2926","#FFC72C","#FFC72C","#2D2926","#2D2926",0,""
229,"Potomac","POT","Nationals","potomac_nationals.png",86616,153,107,0,0,206,60,4,0,0,0,0,"#041E42","#BA0C2F","#041E42","#BA0C2F","#041E42","#041E42","#BA0C2F","#BA0C2F",0,""
230,"Wilmington","WIL","Blue Rocks","wilmington_blue_rocks.png",87008,154,107,0,0,206,43,4,0,0,0,0,"#8BB8E8","#041E42","#8BB8E8","#041E42","#8BB8E8","#8BB8E8","#041E42","#041E42",0,""
231,"Carolina","CAR","Mudcats","carolina_mudcats.png",89559,155,107,0,1,206,32,4,0,0,0,0,"#E4002B","#898D8D","#E4002B","#898D8D","#E4002B","#E4002B","#898D8D","#898D8D",0,""
232,"Myrtle Beach","MYR","Pelicans","myrtle_beach_pelicans.png",52862,156,107,0,1,206,36,4,0,0,0,0,"#0072CE","#FFC72C","#0072CE","#FFC72C","#0072CE","#0072CE","#FFC72C","#FFC72C",0,""
233,"Lancaster","LAN","JetHawks","lancaster_jethawks.png",43525,157,106,0,1,206,42,4,0,0,0,0,"#9D2235","#B9975B","#9D2235","#B9975B","#9D2235","#9D2235","#B9975B","#B9975B",0,""
234,"Winston-Salem","WS","Dash","winston-salem_dash.png",86841,158,107,0,1,206,35,4,0,0,0,0,"#5C068C","#FFFFFF","#5C068C","#FFFFFF","#5C068C","#5C068C","#FFFFFF","#FFFFFF",0,""
235,"Brevard County","BRE","Manatees","brevard_county_manatees.png",49487,159,108,0,0,206,46,4,0,0,0,0,"#041E42","#968C83","#041E42","#968C83","#041E42","#041E42","#968C83","#968C83",0,""
236,"Daytona","DYA","Tortugas","daytona_tortugas.png",22245,160,108,0,0,206,37,4,0,0,0,0,"#004E42","#8BB8E8","#004E42","#8BB8E8","#004E42","#004E42","#8BB8E8","#8BB8E8",0,""
237,"Jupiter","JUP","Hammerheads","jupiter_hammerheads.png",35822,161,108,0,1,206,41,4,0,0,0,0,"#009CA6","#7C878E","#009CA6","#7C878E","#009CA6","#009CA6","#7C878E","#7C878E",0,""
238,"Palm Beach","PAL","Cardinals","palm_beach_cardinals.png",35822,161,108,0,1,206,56,4,0,0,0,0,"#BA0C2F","#FFFFFF","#BA0C2F","#FFFFFF","#BA0C2F","#BA0C2F","#FFFFFF","#FFFFFF",0,""
239,"St. Lucie","SLC","Mets","st_lucie_mets.png",60444,162,108,0,1,206,49,4,0,0,0,0,"#FC4C02","#002D72","#FC4C02","#002D72","#FC4C02","#FC4C02","#002D72","#002D72",0,""
240,"Charlotte","CHR","Stone Crabs","charlotte_stone_crabs.png",60385,163,108,0,1,206,57,4,0,0,0,0,"#69B3E7","#FFFFFF","#69B3E7","#FFFFFF","#69B3E7","#69B3E7","#FFFFFF","#FFFFFF",0,""
241,"Clearwater","CLE","Threshers","clearwater_threshers.png",14038,164,108,0,0,206,51,4,0,0,0,0,"#BA0C2F","#236192","#BA0C2F","#236192","#BA0C2F","#BA0C2F","#236192","#236192",0,""
242,"Dunedin","DUN","Blue Jays","dunedin_blue_jays.png",19593,165,108,0,0,206,59,4,0,0,0,0,"#003DA5","#FFFFFF","#003DA5","#FFFFFF","#003DA5","#003DA5","#FFFFFF","#FFFFFF",0,""
243,"Fort Myers","FMY","Miracle","fort_myers_miracle.png",25182,166,108,0,1,206,47,4,0,0,0,0,"#BA0C2F","#009A44","#BA0C2F","#009A44","#BA0C2F","#BA0C2F","#009A44","#009A44",0,""
244,"Lakeland","LAK","Flying Tigers","lakeland_flying_tigers.png",43308,167,108,0,0,206,40,4,0,0,0,0,"#0C2340","#B94700","#0C2340","#B94700","#0C2340","#0C2340","#B94700","#B94700",0,""
245,"Lynchburg","LYN","Hillcats","lynchburg_hillcats.png",41130,168,107,0,0,206,38,4,0,0,0,0,"#FFC72C","#115740","#FFC72C","#115740","#FFC72C","#FFC72C","#115740","#115740",0,""
246,"Tampa","TAM","Yankees","tampa_yankees.png",78373,169,108,0,0,206,48,4,0,0,0,0,"#0C2340","#E4002B","#0C2340","#E4002B","#0C2340","#0C2340","#E4002B","#E4002B",0,""
247,"Great Lakes","GLK","Loons","great_lakes_loons.png",50141,170,109,0,0,206,45,4,0,0,0,0,"#183028","#AF272F","#183028","#AF272F","#183028","#183028","#AF272F","#AF272F",0,""
248,"Dayton","DY","Dragons","dayton_dragons.png",22234,171,109,0,0,206,37,4,0,0,0,0,"#2D2926","#007A33","#2D2926","#007A33","#2D2926","#2D2926","#007A33","#007A33",0,""
249,"Fort Wayne","FWA","TinCaps","fort_wayne_tincaps.png",25148,172,109,0,0,206,53,4,0,0,0,0,"#B1B3B3","#2C5234","#B1B3B3","#2C5234","#B1B3B3","#B1B3B3","#2C5234","#2C5234",0,""
250,"Lansing","LAN","Lugnuts","lansing_lugnuts.png",43746,173,109,0,0,206,59,4,0,0,0,0,"#8A8D8F","#E4002B","#8A8D8F","#E4002B","#8A8D8F","#8A8D8F","#E4002B","#E4002B",0,""
251,"South Bend","SBE","Cubs","south_bend_cubs.png",75295,174,109,0,0,206,36,4,0,0,0,0,"#C8102E","#002F6C","#C8102E","#002F6C","#C8102E","#C8102E","#002F6C","#002F6C",0,""
252,"West Michigan","WMI","Whitecaps","west_michigan_whitecaps.png",29499,175,109,0,0,206,40,4,0,0,0,0,"#69B3E7","#0C2340","#69B3E7","#0C2340","#69B3E7","#69B3E7","#0C2340","#0C2340",0,""
253,"Beloit","BEL","Snappers","beloit_snappers.png",8435,176,109,0,1,206,50,4,0,0,0,0,"#43B02A","#0C2340","#43B02A","#0C2340","#43B02A","#43B02A","#0C2340","#0C2340",0,""
254,"Burlington","BUR","Bees","burlington_bees.png",12722,177,109,0,1,206,44,4,0,0,0,0,"#FFB81C","#0C2340","#FFB81C","#0C2340","#FFB81C","#FFB81C","#0C2340","#0C2340",0,""
255,"Cedar Rapids","CER","Kernels","cedar_rapids_kernels.png",18112,178,109,0,1,206,47,4,0,0,0,0,"#009A44","#FFC72C","#009A44","#FFC72C","#009A44","#009A44","#FFC72C","#FFC72C",0,""
256,"Hickory","HIC","Crawdads","hickory_crawdads.png",31732,179,110,0,0,206,58,4,0,0,0,0,"#E4002B","#A7A8AA","#E4002B","#A7A8AA","#E4002B","#E4002B","#A7A8AA","#A7A8AA",0,""
257,"Kane County","KAN","Cougars","kane_county_cougars.png",28145,180,109,0,1,206,31,4,0,0,0,0,"#034638","#866D4B","#034638","#866D4B","#034638","#034638","#866D4B","#866D4B",0,""
258,"Peoria","PEO","Chiefs","peoria_chiefs.png",63645,181,109,0,1,206,56,4,0,0,0,0,"#BA0C2F","#F3D03E","#BA0C2F","#F3D03E","#BA0C2F","#BA0C2F","#F3D03E","#F3D03E",0,""
259,"Quad Cities","QUC","River Bandits","quad_cities_river_bandits.png",22160,182,109,0,1,206,42,4,0,0,0,0,"#2D2926","#9D2235","#2D2926","#9D2235","#2D2926","#2D2926","#9D2235","#9D2235",0,""
260,"Clinton","CLI","LumberKings","clinton_lumberkings.png",14121,183,109,0,1,206,54,4,0,0,0,0,"#00843D","#FFFFFF","#00843D","#FFFFFF","#00843D","#00843D","#FFFFFF","#FFFFFF",0,""
261,"Delmarva","DEL","Shorebirds","delmarva_shorebirds.png",69469,184,110,0,0,206,33,4,0,0,0,0,"#8A8D8F","#F9423A","#8A8D8F","#F9423A","#8A8D8F","#8A8D8F","#F9423A","#F9423A",0,""
262,"Hagerstown","HAG","Suns","hagerstown_suns.png",30250,185,110,0,0,206,60,4,0,0,0,0,"#FA4616","#FFFFFF","#FA4616","#FFFFFF","#FA4616","#FA4616","#FFFFFF","#FFFFFF",0,""
263,"West Virginia","WVA","Power","west_virginia_power.png",18931,186,110,0,0,206,52,4,0,0,0,0,"#FFCD00","#2D2926","#FFCD00","#2D2926","#FFCD00","#FFCD00","#2D2926","#2D2926",0,""
264,"Lake County","LCO","Captains","lake_county_captains.png",22564,187,109,0,0,206,38,4,0,0,0,0,"#041C2C","#B9975B","#041C2C","#B9975B","#041C2C","#041C2C","#B9975B","#B9975B",0,""
265,"Lakewood","LAK","BlueClaws","lakewood_blueclaws.png",43345,188,110,0,0,206,51,4,0,0,0,0,"#69B3E7","#0C2340","#69B3E7","#0C2340","#69B3E7","#69B3E7","#0C2340","#0C2340",0,""
266,"Lexington","LEX","Legends","lexington_legends.png",45184,189,110,0,1,206,43,4,0,0,0,0,"#009A44","#003087","#009A44","#003087","#009A44","#009A44","#003087","#003087",0,""
267,"Wisconsin","WIS","Timber Rattlers","wisconsin_timber_rattlers.png",29482,190,109,0,1,206,46,4,0,0,0,0,"#8B6F4E","#FFFFFF","#8B6F4E","#FFFFFF","#8B6F4E","#8B6F4E","#FFFFFF","#FFFFFF",0,""
268,"Greensboro","GRE","Grasshoppers","greensboro_grasshoppers.png",29752,191,110,0,0,206,41,4,0,0,0,0,"#154734","#D86018","#154734","#D86018","#154734","#154734","#D86018","#D86018",0,""
269,"Asheville","ASH","Tourists","asheville_tourists.png",4411,192,110,0,1,206,39,4,0,0,0,0,"#0C2340","#FFFFFF","#0C2340","#FFFFFF","#0C2340","#0C2340","#FFFFFF","#FFFFFF",0,""
270,"Augusta","AUG","GreenJackets","augusta_greenjackets.png",4889,193,110,0,1,206,55,4,0,0,0,0,"#004E42","#FE5000","#004E42","#FE5000","#004E42","#004E42","#FE5000","#FE5000",0,""
271,"Greenville","GRB","Drive","greenville_drive.png",29776,194,110,0,1,206,34,4,0,0,0,0,"#E4002B","#FFFFFF","#E4002B","#FFFFFF","#E4002B","#E4002B","#FFFFFF","#FFFFFF",0,""
272,"Charleston","CHA","RiverDogs","charleston_riverdogs.png",18926,195,110,0,1,206,48,4,0,0,0,0,"#081F2C","#F2A900","#081F2C","#F2A900","#081F2C","#081F2C","#F2A900","#F2A900",0,""
273,"Bowling Green","BGN","Hot Rods","bowling_green_hot_rods.png",11168,196,109,0,0,206,57,4,0,0,0,0,"#2D2926","#FFB81C","#2D2926","#FFB81C","#2D2926","#2D2926","#FFB81C","#FFB81C",0,""
274,"Kannapolis","KAN","Intimidators","kannapolis_intimidators.png",36907,197,110,0,0,206,35,4,0,0,0,0,"#DA291C","#C8C9C7","#DA291C","#C8C9C7","#DA291C","#DA291C","#C8C9C7","#C8C9C7",0,""
275,"Rome","ROM","Braves","rome_braves.png",66217,198,110,0,1,206,32,4,0,0,0,0,"#BA0C2F","#97999B","#BA0C2F","#97999B","#BA0C2F","#BA0C2F","#97999B","#97999B",0,""
276,"Savannah","SAV","Sand Gnats","savannah_sand_gnats.png",71889,199,110,0,1,206,49,4,0,0,0,0,"#115740","#C6AA76","#115740","#C6AA76","#115740","#115740","#C6AA76","#C6AA76",0,""
277,"Aberdeen","ABE","Ironbirds","aberdeen_ironbirds.png",374,200,111,0,0,206,33,5,0,0,0,0,"#003087","#FE5000","#003087","#FE5000","#003087","#003087","#FE5000","#FE5000",0,""
278,"Brooklyn","BRO","Cyclones","brooklyn_cyclones.png",12985,201,111,0,0,206,49,5,0,0,0,0,"#D50032","#FFC72C","#D50032","#FFC72C","#D50032","#D50032","#FFC72C","#FFC72C",0,""
279,"Hudson Valley","HUD","Renegades","hudson_valley_renegades.png",25676,202,111,0,0,206,57,5,0,0,0,0,"#009CDE","#2D2926","#009CDE","#2D2926","#009CDE","#009CDE","#2D2926","#2D2926",0,""
280,"Staten Island","STI","Yankees","staten_island_yankees.png",67138,203,111,0,0,206,48,5,0,0,0,0,"#A2AAAD","#0C2340","#A2AAAD","#0C2340","#A2AAAD","#A2AAAD","#0C2340","#0C2340",0,""
281,"Auburn","AUB","Doubledays","auburn_doubledays.png",4830,204,111,0,1,206,60,5,0,0,0,0,"#003594","#A7A8AA","#003594","#A7A8AA","#003594","#003594","#A7A8AA","#A7A8AA",0,""
282,"Batavia","BAT","Muckdogs","batavia_muckdogs.png",7560,205,111,0,1,206,41,5,0,0,0,0,"#2D2926","#E89CAE","#2D2926","#E89CAE","#2D2926","#2D2926","#E89CAE","#E89CAE",0,""
283,"West Virginia","WV","Black Bears","west_virginia_black_bears.png",51839,206,111,0,1,206,52,5,0,0,0,0,"#FFB10E","#000000","#000000","#000000","#EBEBEB","#EBEBEB","#1E1E1E","#FFB10E",0,""
284,"Mahoning Valley","MAH","Scrappers","mahoning_valley_scrappers.png",55643,207,111,0,1,206,38,5,0,0,0,0,"#7C878E","#862633","#7C878E","#862633","#7C878E","#7C878E","#862633","#862633",0,""
285,"State College","STC","Spikes","state_college_spikes.png",76053,208,111,0,1,206,56,5,0,0,0,0,"#C69214","#C8102E","#C69214","#C8102E","#C69214","#C69214","#C8102E","#C8102E",0,""
286,"Williamsport","WIL","Crosscutters","williamsport_crosscutters.png",87064,209,111,0,1,206,51,5,0,0,0,0,"#A7A8AA","#C6893F","#A7A8AA","#C6893F","#A7A8AA","#A7A8AA","#C6893F","#C6893F",0,""
287,"Lowell","LOW","Spinners","lowell_spinners.png",41636,210,111,0,2,206,34,5,0,0,0,0,"#0033A0","#A2AAAD","#0033A0","#A2AAAD","#0033A0","#0033A0","#A2AAAD","#A2AAAD",0,""
288,"Connecticut","CON","Tigers","connecticut_tigers.png",56326,211,111,0,2,206,40,5,0,0,0,0,"#0C2340","#FA4616","#0C2340","#FA4616","#0C2340","#0C2340","#FA4616","#FA4616",0,""
289,"Tri-City","TRI","ValleyCats","tri-city_valleycats.png",81264,212,111,0,2,206,42,5,0,0,0,0,"#C8102E","#A2AAAD","#C8102E","#A2AAAD","#C8102E","#C8102E","#A2AAAD","#A2AAAD",0,""
290,"Vermont","VER","Lake Monsters","vermont_lake_monsters.png",12721,213,111,0,2,206,50,5,0,0,0,0,"#78BE20","#041E42","#78BE20","#041E42","#78BE20","#78BE20","#041E42","#041E42",0,""
291,"Boise","BOI","Hawks","boise_hawks.png",10388,214,112,0,0,206,39,5,0,0,0,0,"#034638","#A4343A","#034638","#A4343A","#034638","#034638","#A4343A","#A4343A",0,""
292,"Spokane","SPO","Indians","spokane_indians.png",75641,215,112,0,0,206,58,5,0,0,0,0,"#BA0C2F","#F3CFB3","#BA0C2F","#F3CFB3","#BA0C2F","#BA0C2F","#F3CFB3","#F3CFB3",0,""
293,"Tri-City","TRC","Dust Devils","tri-city_dust_devils.png",63028,216,112,0,0,206,53,5,0,0,0,0,"#84754E","#1B365D","#84754E","#1B365D","#84754E","#84754E","#1B365D","#1B365D",0,""
294,"Hillsboro","HIL","Hops","hillsboro_hops.png",31888,217,112,0,0,206,31,5,0,0,0,0,"#041C2C","#FFFFFF","#041C2C","#FFFFFF","#041C2C","#041C2C","#FFFFFF","#FFFFFF",0,""
295,"Eugene","EUG","Emeralds","eugene_emeralds.png",24267,218,112,0,1,206,36,5,0,0,0,0,"#44D62C","#2D2926","#44D62C","#2D2926","#44D62C","#44D62C","#2D2926","#2D2926",0,""
296,"Everett","EVE","AquaSox","everett_aquasox.png",24329,219,112,0,1,206,54,5,0,0,0,0,"#041E42","#CEDC00","#041E42","#CEDC00","#041E42","#041E42","#CEDC00","#CEDC00",0,""
297,"Salem-Keizer","SKE","Volcanoes","salem-keizer_volcanoes.png",37682,220,112,0,1,206,55,5,0,0,0,0,"#D22630","#A7A8AA","#D22630","#A7A8AA","#D22630","#D22630","#A7A8AA","#A7A8AA",0,""
298,"Vancouver","VAN","Canadians","vancouver_canadians.png",84104,221,112,0,1,36,59,5,0,0,0,0,"#D50032","#FFFFFF","#D50032","#FFFFFF","#D50032","#D50032","#FFFFFF","#FFFFFF",0,""
299,"Bluefield","BLU","Blue Jays","bluefield_blue_jays.png",10112,222,113,0,0,206,59,6,0,0,0,0,"#003DA5","#FFFFFF","#003DA5","#FFFFFF","#003DA5","#003DA5","#FFFFFF","#FFFFFF",0,""
300,"Burlington","BUR","Royals","burlington_royals.png",12722,223,113,0,0,206,43,6,0,0,0,0,"#002D72","#85714D","#002D72","#85714D","#002D72","#002D72","#85714D","#85714D",0,""
301,"Danville","DAN","Braves","danville_braves.png",21958,224,113,0,0,206,32,6,0,0,0,0,"#002855","#BA0C2F","#002855","#BA0C2F","#002855","#002855","#BA0C2F","#BA0C2F",0,""
302,"Pulaski","PUL","Yankees","pulaski_yankees.png",61426,225,113,0,0,206,48,6,0,0,0,0,"#002A58","#E62E35","#002A58","#E62E35","#002A58","#002A58","#E62E35","#E62E35",0,""
303,"Princeton","PRI","Rays","princeton_rays.png",61024,226,113,0,0,206,57,6,0,0,0,0,"#041E42","#FFCD00","#041E42","#FFCD00","#041E42","#041E42","#FFCD00","#FFCD00",0,""
304,"Greeneville","GRE","Astros","greeneville_astros.png",29730,227,113,0,1,206,42,6,0,0,0,0,"#CF4520","#041E42","#CF4520","#041E42","#CF4520","#CF4520","#041E42","#041E42",0,""
305,"Bristol","BRI","Pirates","bristol_pirates.png",11771,228,113,0,1,206,52,6,0,0,0,0,"#2D2926","#FFC72C","#2D2926","#FFC72C","#2D2926","#2D2926","#FFC72C","#FFC72C",0,""
306,"Elizabethton","ELI","Twins","elizabethton_twins.png",23389,229,113,0,1,206,47,6,0,0,0,0,"#A2AAAD","#BA0C2F","#A2AAAD","#BA0C2F","#A2AAAD","#A2AAAD","#BA0C2F","#BA0C2F",0,""
307,"Johnson City","JOH","Cardinals","johnson_city_cardinals.png",35558,230,113,0,1,206,56,6,0,0,0,0,"#BA0C2F","#5C88DA","#BA0C2F","#5C88DA","#BA0C2F","#BA0C2F","#5C88DA","#5C88DA",0,""
308,"Kingsport","KIN","Mets","kingsport_mets.png",38596,231,113,0,1,206,49,6,0,0,0,0,"#002D72","#FC4C02","#002D72","#FC4C02","#002D72","#002D72","#FC4C02","#FC4C02",0,""
309,"Milwaukee (AZL)","AMIL","Brewers","milwaukee_(azl)_brewers.png",0,232,114,0,1,206,46,6,0,0,0,0,"#0A2351","#B6922E","#0A2351","#B6922E","#0A2351","#0A2351","#B6922E","#B6922E",0,""
310,"Texas (AZL)","ATEX","Rangers","texas_(azl)_rangers.png",0,233,114,0,2,206,58,6,0,0,0,0,"#003278","#C0111F","#003278","#C0111F","#003278","#003278","#C0111F","#C0111F",0,""
312,"Chicago N (AZL)","ACHN","Cubs","chicago_n_(azl)_cubs.png",0,234,114,0,0,206,36,6,0,0,0,0,"#0E3386","#CC3433","#0E3386","#CC3433","#0E3386","#0E3386","#CC3433","#CC3433",0,""
313,"Los Angeles A (AZL)","ALAA","Angels","los_angeles_a_(azl)_angels.png",0,235,114,0,0,206,44,6,0,0,0,0,"#BA0021","#003263","#BA0021","#003263","#BA0021","#BA0021","#003263","#003263",0,""
314,"Seattle (AZL)","ASEA","Mariners","seattle_(azl)_mariners.png",0,252,114,0,2,206,54,6,0,0,0,0,"#0C2C56","#005C5C","#0C2C56","#005C5C","#0C2C56","#0C2C56","#005C5C","#005C5C",0,""
315,"Oakland (AZL)","AOAK","Athletics","oakland_(azl)_athletics.png",0,236,114,0,0,206,50,6,0,0,0,0,"#003831","#EFB21E","#003831","#EFB21E","#003831","#003831","#EFB21E","#EFB21E",0,""
316,"San Francisco (AZL)","ASF","Giants","san_francisco_(azl)_giants.png",0,237,114,0,0,206,55,6,0,0,0,0,"#FD5A1E","#000000","#FD5A1E","#000000","#FD5A1E","#FD5A1E","#000000","#000000",0,""
317,"Los Angeles N (AZL)","ALAD","Dodgers","los_angeles_n_(azl)_dodgers.png",0,238,114,0,1,206,45,6,0,0,0,0,"#005A9C","#EF3E42","#005A9C","#EF3E42","#005A9C","#005A9C","#EF3E42","#EF3E42",0,""
318,"Washington (GCL)","GWAS","Nationals","washington_(gcl)_nationals.png",0,159,115,0,2,206,60,6,0,0,0,0,"#AB0003","#11225B","#AB0003","#11225B","#AB0003","#AB0003","#11225B","#11225B",0,""
319,"Miami (GCL)","JUPM","Marlins","miami_(gcl)_marlins.png",0,161,115,0,2,206,41,6,0,0,0,0,"#FF6600","#0077C8","#FF6600","#0077C8","#FF6600","#FF6600","#0077C8","#0077C8",0,""
320,"St. Louis (GCL)","GSL","Cardinals","st_louis_(gcl)_cardinals.png",0,161,115,0,2,206,56,6,0,0,0,0,"#C41E3A","#000066","#C41E3A","#000066","#C41E3A","#C41E3A","#000066","#000066",0,""
322,"Atlanta (GCL)","GATL","Braves","atlanta_(gcl)_braves.png",0,239,115,0,1,206,32,6,0,0,0,0,"#13274F","#CE1141","#13274F","#CE1141","#13274F","#13274F","#CE1141","#CE1141",0,""
323,"Philadelphia (GCL)","GPHI","Phillies","philadelphia_(gcl)_phillies.png",0,164,115,0,0,206,51,6,0,0,0,0,"#E81828","#284898","#E81828","#284898","#E81828","#E81828","#284898","#284898",0,""
324,"Toronto (GCL)","GTOR","Blue Jays","toronto_(gcl)_blue_jays.png",0,165,115,0,0,206,59,6,0,0,0,0,"#134A8E","#E8291C","#134A8E","#E8291C","#134A8E","#134A8E","#E8291C","#E8291C",0,""
325,"Detroit (GCL)","GDET","Tigers","detroit_(gcl)_tigers.png",0,167,115,0,1,206,40,6,0,0,0,0,"#0C2C56","#FF6600","#0C2C56","#FF6600","#0C2C56","#0C2C56","#FF6600","#FF6600",0,""
326,"New York A1 (GCL)","GNYA1","Yankees1","new_york_a1_(gcl)_yankees1.png",0,169,115,0,0,206,48,6,0,0,0,0,"#003087","#E4002B","#003087","#E4002B","#003087","#003087","#E4002B","#E4002B",0,""
327,"Cleveland (AZL)","ACLE","Indians","cleveland_(azl)_indians.png",0,240,114,0,1,206,38,6,0,0,0,0,"#E31937","#002B5C","#E31937","#002B5C","#E31937","#E31937","#002B5C","#002B5C",0,""
328,"Pittsburgh (GCL)","GPIT","Pirates","pittsburgh_(gcl)_pirates.png",0,241,115,0,0,206,52,6,0,0,0,0,"#FDB827","#000000","#FDB827","#000000","#FDB827","#FDB827","#000000","#000000",0,""
329,"Cincinnati (AZL)","ACIN","Reds","cincinnati_(azl)_reds.png",0,168,114,0,1,206,37,6,0,0,0,0,"#C6011F","#041E42","#C6011F","#041E42","#C6011F","#C6011F","#041E42","#041E42",0,""
330,"Boston (GCL)","GBOS","Red Sox","boston_(gcl)_red_sox.png",0,242,115,0,3,206,34,6,0,0,0,0,"#BD3039","#0D2B56","#BD3039","#0D2B56","#BD3039","#BD3039","#0D2B56","#0D2B56",0,""
331,"Minnesota (GCL)","GMIN","Twins","minnesota_(gcl)_twins.png",0,166,115,0,3,206,47,6,0,0,0,0,"#002B5C","#D31145","#002B5C","#D31145","#002B5C","#002B5C","#D31145","#D31145",0,""
332,"Baltimore (GCL)","GBAL","Orioles","baltimore_(gcl)_orioles.png",0,243,115,0,3,206,33,6,0,0,0,0,"#DF4601","#000000","#DF4601","#000000","#DF4601","#DF4601","#000000","#000000",0,""
333,"Billings","BIL","Mustangs","billings_mustangs.png",9506,244,116,0,0,206,37,6,0,0,0,0,"#C8102E","#B9975B","#C8102E","#B9975B","#C8102E","#C8102E","#B9975B","#B9975B",0,""
334,"Great Falls","GFA","Voyagers","great_falls_voyagers.png",29648,245,116,0,0,206,35,6,0,0,0,0,"#78BE20","#2D2926","#78BE20","#2D2926","#78BE20","#78BE20","#2D2926","#2D2926",0,""
335,"Helena","HEL","Brewers","helena_brewers.png",31320,246,116,0,0,206,46,6,0,0,0,0,"#071D49","#8B6F4E","#071D49","#8B6F4E","#071D49","#071D49","#8B6F4E","#8B6F4E",0,""
336,"Missoula","MIS","Osprey","missoula_osprey.png",50729,247,116,0,0,206,31,6,0,0,0,0,"#2D2926","#003594","#2D2926","#003594","#2D2926","#2D2926","#003594","#003594",0,""
337,"Grand Junction","GJ","Rockies","grand_junction_rockies.png",29493,248,116,0,1,206,39,6,0,0,0,0,"#24135F","#8A8D8F","#24135F","#8A8D8F","#24135F","#24135F","#8A8D8F","#8A8D8F",0,""
338,"Idaho Falls","IDA","Chukars","idaho_falls_chukars.png",34017,249,116,0,1,206,43,6,0,0,0,0,"#8A8D8F","#861F41","#8A8D8F","#861F41","#8A8D8F","#8A8D8F","#861F41","#861F41",0,""
339,"Ogden","OGD","Raptors","ogden_raptors.png",56909,250,116,0,1,206,45,6,0,0,0,0,"#007377","#8A8D8F","#007377","#8A8D8F","#007377","#007377","#8A8D8F","#8A8D8F",0,""
340,"Orem","ORM","Owlz","orem_owlz.png",57580,251,116,0,1,206,44,6,0,0,0,0,"#BA0C2F","#FFB81C","#BA0C2F","#FFB81C","#BA0C2F","#BA0C2F","#FFB81C","#FFB81C",0,""
343,"American Conference","AC","All-Stars","american_conference_all-stars.png",0,102,102,0,0,0,0,2,0,0,0,0,"#9B0101","#000000","#FE1F1D","#1E1EFC","#FFFFFF","#FFFFFF","#FE1F1D","#FE1F1D",1,""
344,"Pacific Conference","PC","All-Stars","pacific_conference_all-stars.png",0,104,102,1,0,0,0,2,0,0,0,0,"#1E1E9E","#FFFFFF","#832341","#832341","#FFFFFF","#FFFFFF","#832341","#832341",1,""
345,"Northern Division","AS1","All-Stars","northern_division_all-stars.png",0,115,103,0,0,0,0,3,0,0,0,0,"#9B0101","#000000","#D82E3A","#D82E3A","#FFFFFF","#FFFFFF","#D82E3A","#0C2B55",1,""
346,"Southern Division","AS2","All-Stars","southern_division_all-stars.png",0,122,103,0,0,0,0,3,0,0,0,0,"#1E1E9E","#FFFFFF","#000000","#000000","#FFFFFF","#FFFFFF","#000000","#7D7E79",1,""
347,"North Division","AS1","All-Stars","north_division_all-stars.png",0,123,104,0,0,0,0,3,0,0,0,0,"#9B0101","#000000","#006AFA","#006AFA","#FFFFFF","#FFFFFF","#006AFA","#41CDE8",1,""
348,"South Division","AS2","All-Stars","south_division_all-stars.png",0,130,104,0,0,0,0,3,0,0,0,0,"#1E1E9E","#FFFFFF","#01003E","#C4000C","#FDFEFE","#FDFEFE","#01003E","#C4000C",1,""
349,"North Division","AS1","All-Stars","",0,134,105,0,0,0,0,3,0,0,0,0,"#9B0101","#000000","#DD0101","#DD0101","#DD0101","#DD0101","#000000","#000000",1,""
350,"South Division","AS2","All-Stars","",0,139,105,0,0,0,0,3,0,0,0,0,"#1E1E9E","#FFFFFF","#1E1E9E","#1E1E9E","#1E1E9E","#1E1E9E","#FFFFFF","#FFFFFF",1,""
351,"","AS1","All-Stars","_all-stars.png",0,150,106,0,0,0,0,4,0,0,0,0,"#DD0101","#000000","#DD0101","#DD0101","#DD0101","#DD0101","#000000","#000000",1,""
352,"","AS2","All-Stars","_all-stars.png",0,143,106,0,0,0,0,4,0,0,0,0,"#1E1E9E","#FFFFFF","#1E1E9E","#1E1E9E","#1E1E9E","#1E1E9E","#FFFFFF","#FFFFFF",1,""
353,"","AS1","All-Stars","_all-stars.png",0,149,107,0,0,0,0,4,0,0,0,0,"#DD0101","#000000","#DD0101","#DD0101","#DD0101","#DD0101","#000000","#000000",1,""
354,"","AS2","All-Stars","_all-stars.png",0,154,107,0,0,0,0,4,0,0,0,0,"#1E1E9E","#FFFFFF","#1E1E9E","#1E1E9E","#1E1E9E","#1E1E9E","#FFFFFF","#FFFFFF",1,""
355,"FSL North","AS1","All-Stars","fsl_north_all-stars.png",0,169,108,0,0,0,0,4,0,0,0,0,"#9B0101","#000000","#C3011C","#000400","#FFFFFF","#FFFFFF","#C3011C","#C3011C",1,""
356,"FSL South","AS2","All-Stars","fsl_south_all-stars.png",0,163,108,0,0,0,0,4,0,0,0,0,"#1E1E9E","#FFFFFF","#E60A0A","#E60A0A","#FFFFFF","#FFFFFF","#E60A0A","#E60A0A",1,""
357,"Eastern Division","AS1","All-Stars","eastern_division_all-stars.png",0,170,109,0,0,0,0,4,0,0,0,0,"#9B0101","#000000","#FFCD10","#000000","#FFFFFF","#FFFFFF","#FFCD10","#FFCD10",1,""
358,"Western Division","AS2","All-Stars","western_division_all-stars.png",0,178,109,0,0,0,0,4,0,0,0,0,"#1E1E9E","#FFFFFF","#FDDF1E","#D63328","#FFFFFF","#FFFFFF","#FDDF1E","#FDDF1E",1,""
359,"Northern Division","AS1","All-Stars","",0,195,110,0,0,0,0,4,0,0,0,0,"#9B0101","#000000","#DD0101","#DD0101","#DD0101","#DD0101","#000000","#000000",1,""
360,"Southern Division","AS2","All-Stars","",0,191,110,0,0,0,0,4,0,0,0,0,"#1E1E9E","#FFFFFF","#1E1E9E","#1E1E9E","#1E1E9E","#1E1E9E","#FFFFFF","#FFFFFF",1,""
361,"San Diego (AZL)","ASD","Padres","san_diego_(azl)_padres.png",0,252,114,0,2,206,53,6,0,0,0,0,"#05143F","#B3A369","#05143F","#B3A369","#05143F","#05143F","#B3A369","#B3A369",0,""
403,"Houston (GCL)","GHOU","Astros","houston_(gcl)_astros.png",0,254,115,0,1,206,42,6,0,0,0,0,"#002D62","#EB6E1F","#002D62","#EB6E1F","#002D62","#002D62","#EB6E1F","#EB6E1F",0,""
404,"Tampa Bay (GCL)","GTB","Rays","tampa_bay_(gcl)_rays.png",0,255,115,0,3,206,57,6,0,0,0,0,"#092C5C","#8FBCE6","#092C5C","#8FBCE6","#092C5C","#092C5C","#8FBCE6","#8FBCE6",0,""
405,"Arizona (AZL)","AARI","Diamondbacks","arizona_(azl)_diamondbacks.png",0,1,114,0,0,206,31,6,0,0,0,0,"#A71930","#000000","#A71930","#000000","#A71930","#A71930","#000000","#000000",0,""
406,"New York N (GCL)","PSL","Mets","new_york_n_(gcl)_mets.png",0,2,115,0,2,206,49,6,0,0,0,0,"#002D72","#FF5910","#002D72","#FF5910","#002D72","#002D72","#FF5910","#FF5910",0,""
408,"New York A2 (GCL)","GNYA2","Yankees2","new_york_a2_(gcl)_yankees2.png",0,3,115,0,1,206,48,6,0,0,0,0,"#003087","#E4002B","#003087","#E4002B","#003087","#003087","#E4002B","#E4002B",0,""
409,"East Division","AS1","All-Stars","east_division_all-stars.png",0,219,112,0,0,0,0,5,0,0,0,0,"#9B0101","#000000","#DD0101","#DD0101","#DD0101","#DD0101","#000000","#000000",1,""
410,"West Division","AS2","All-Stars","west_division_all-stars.png",0,215,112,0,0,0,0,5,0,0,0,0,"#1E1E9E","#FFFFFF","#1E1E9E","#1E1E9E","#1E1E9E","#1E1E9E","#FFFFFF","#FFFFFF",1,""
411,"Chiba Lotte","CHIB","Marines","chiba_lotte_marines.png",13173,263,117,0,0,98,0,8,0,0,0,0,"#000000","#FFFFFF","#000000","#000000","#FFFFFF","#000000","#000000","#000000",0,""
412,"Fukuoka SoftBank","SB","Hawks","fukuoka_softbank_hawks.png",24592,256,117,0,0,98,0,8,0,0,0,0,"#000000","#F5C900","#000000","#000000","#FFFFFF","#000000","#000000","#000000",0,""
413,"Hokkaido Nippon-Ham","HOKK","Fighters","hokkaido_nippon-ham_fighters.png",71531,257,117,0,0,98,0,8,0,0,0,0,"#221816","#005389","#000000","#000000","#FFFFFF","#206599","#206599","#000000",0,""
414,"Orix","ORI","Buffaloes","orix_buffaloes.png",58281,258,117,0,0,98,0,8,0,0,0,0,"#000019","#A47D10","#000017","#000017","#FFFFFF","#000017","#8A6B1D","#000017",0,""
415,"Tohoku Rakuten","RAKU","Golden Eagles","tohoku_rakuten_golden_eagles.png",72769,259,117,0,0,98,0,8,0,0,0,0,"#94001E","#FFFFFF","#821022","#821022","#FFFFFF","#821022","#821022","#821022",0,""
416,"Saitama Seibu","SEIB","Lions","saitama_seibu_lions.png",80422,260,117,0,0,98,0,8,0,0,0,0,"#003061","#D80000","#041945","#041945","#FFFFFF","#041945","#041945","#041945",0,""
417,"Chunichi","CHUN","Dragons","chunichi_dragons.png",53844,261,117,1,0,98,0,8,0,0,0,0,"#2E44CB","#FFFFFF","#000000","#000000","#FFFFFF","#000000","#000000","#000000",0,""
418,"Hanshin","HAN","Tigers","hanshin_tigers.png",55703,262,117,1,0,98,0,8,0,0,0,0,"#F3E007","#000000","#000000","#000000","#FFFFFF","#000000","#000000","#000000",0,""
419,"Hiroshima Toyo","HIRO","Carp","hiroshima_toyo_carp.png",32017,264,117,1,0,98,0,8,0,0,0,0,"#FC100C","#FFFFFF","#EC1C21","#EC1C21","#FFFFFF","#EC1C21","#EC1C21","#EC1C21",0,""
420,"Tokyo Yakult","YAK","Swallows","tokyo_yakult_swallows.png",77661,265,117,1,0,98,0,8,0,0,0,0,"#13137E","#F5061A","#060031","#060031","#FFFFFF","#FA0016","#060031","#FA0016",0,""
421,"Yokohama DeNA","YOKO","BayStars","yokohama_dena_baystars.png",88034,266,117,1,0,98,0,8,0,0,0,0,"#004288","#0A95E1","#00428F","#00428F","#FFFFFF","#000000","#00428F","#00428F",0,""
422,"Yomiuri","YOM","Giants","yomiuri_giants.png",77661,267,117,1,0,98,0,8,0,0,0,0,"#000000","#FC7304","#000000","#000000","#FFFFFF","#E44015","#000000","#E44015",0,""
423,"Chiba Lotte (Ni-Gun)","MAR","Marines","chiba_lotte_(ni-gun)_marines.png",69261,268,118,0,0,98,411,3,0,0,0,0,"#000000","#FFFFFF","#000000","#000000","#FFFFFF","#000000","#000000","#000000",0,""
424,"Hokkaido Nippon Ham (Ni-Gun)","NIPP","Fighters","hokkaido_nippon_ham_(ni-gun)_fighters.png",36660,269,118,0,0,98,413,3,0,0,0,0,"#221816","#005389","#000000","#000000","#FFFFFF","#206599","#206599","#000000",0,""
425,"Tohoku Rakuten (Ni-Gun)","EAG","Golden Eagles","tohoku_rakuten_(ni-gun)_golden_eagles.png",64253,270,118,0,0,98,415,3,0,0,0,0,"#94001E","#FFFFFF","#821022","#821022","#FFFFFF","#821022","#821022","#821022",0,""
426,"Seibu (Ni-Gun)","LION","Lions","seibu_(ni-gun)_lions.png",80422,271,118,0,0,98,416,3,0,0,0,0,"#003061","#D80000","#041945","#041945","#FFFFFF","#041945","#041945","#041945",0,""
427,"Yokohama (Ni-Gun)","YOK","Bay Stars","yokohama_(ni-gun)_bay_stars.png",88035,272,118,0,0,98,421,3,0,0,0,0,"#007B4B","#001039","#0041A0","#0041A0","#FFFFFF","#000000","#0041A0","#0041A0",0,""
428,"Yomiuri (Ni-Gun)","YOM","Giants","yomiuri_(ni-gun)_giants.png",37534,273,118,0,0,98,422,3,0,0,0,0,"#000000","#FC7304","#000000","#000000","#FFFFFF","#E44015","#000000","#E44015",0,""
429,"Chunichi (Ni-Gun)","DRAG","Dragons","chunichi_(ni-gun)_dragons.png",53844,274,118,1,0,98,417,3,0,0,0,0,"#2E44CB","#FFFFFF","#000000","#000000","#FFFFFF","#000000","#000000","#000000",0,""
430,"Fukuoka SoftBank (Ni-Gun)","HAWK","Hawks","fukuoka_softbank_(ni-gun)_hawks.png",24592,275,118,1,0,98,412,3,0,0,0,0,"#000000","#F5C900","#000000","#000000","#FFFFFF","#000000","#000000","#000000",0,""
431,"Hanshin (Ni-Gun)","TIG","Tigers","hanshin_(ni-gun)_tigers.png",55703,276,118,1,0,98,418,3,0,0,0,0,"#F3E007","#000000","#000000","#000000","#FFFFFF","#000000","#000000","#000000",0,""
432,"Hiroshima Toyo (Ni-Gun)","CARP","Carp","hiroshima_toyo_(ni-gun)_carp.png",33328,277,118,1,0,98,419,3,0,0,0,0,"#FC100C","#FFFFFF","#EC1C21","#EC1C21","#FFFFFF","#EC1C21","#EC1C21","#EC1C21",0,""
433,"Orix (Ni-Gun)","ORI","Buffaloes","orix_(ni-gun)_buffaloes.png",35966,278,118,1,0,98,414,3,0,0,0,0,"#000019","#A47D10","#000017","#000017","#FFFFFF","#000017","#8A6B1D","#000017",0,""
434,"Tokyo Yakult (Ni-Gun)","SWA","Swallows","tokyo_yakult_(ni-gun)_swallows.png",80365,279,118,0,0,98,420,3,0,0,0,0,"#13137E","#F5061A","#060031","#060031","#FFFFFF","#FA0016","#060031","#FA0016",0,""
435,"Pacific League","JPL","All-Stars","pacific_league_all-stars.png",0,256,117,0,0,0,0,8,0,0,0,0,"#9B0101","#000000","#DD0101","#DD0101","#DD0101","#DD0101","#000000","#000000",1,""
436,"Central League","JCL","All-Stars","central_league_all-stars.png",0,264,117,1,0,0,0,8,0,0,0,0,"#1E1E9E","#FFFFFF","#1E1E9E","#1E1E9E","#1E1E9E","#1E1E9E","#FFFFFF","#FFFFFF",1,""
437,"Eastern League","EL","All-Stars","eastern_league_all-stars.png",0,271,118,0,0,0,0,3,0,0,0,0,"#9B0101","#000000","#DD0101","#DD0101","#DD0101","#DD0101","#000000","#000000",1,""
438,"Western League","WL","All-Stars","western_league_all-stars.png",0,275,118,1,0,0,0,3,0,0,0,0,"#1E1E9E","#FFFFFF","#1E1E9E","#1E1E9E","#1E1E9E","#1E1E9E","#FFFFFF","#FFFFFF",1,""
439,"Samsung","SAM","Lions","samsung_lions.png",77908,280,120,0,0,177,0,8,0,0,0,0,"#0066B3","#BFC1C3","#0063B0","#0063B0","#FFFFFF","#FFFFFF","#0063B0","#0063B0",0,""
440,"Hanwha","HAN","Eagles","hanwha_eagles.png",77909,281,120,0,0,177,0,8,0,0,0,0,"#221E1F","#FB580D","#FC5605","#FC5605","#FFFFFF","#FC5605","#000000","#FC5605",0,""
441,"Nexen","NEX","Heroes","nexen_heroes.png",67203,282,120,0,0,177,0,8,0,0,0,0,"#B9A17E","#840224","#7E001D","#7E001D","#7E001D","#7E001D","#FFFFFF","#FFFFFF",0,""
442,"Doosan","DOO","Bears","doosan_bears.png",67203,283,120,0,0,177,0,8,0,0,0,0,"#242561","#F7E705","#131230","#131230","#FFFFFF","#FFFFFF","#ED1C24","#ED1C24",0,""
443,"Lotte","LOT","Giants","lotte_giants.png",61569,284,120,0,0,177,0,8,0,0,0,0,"#231F20","#F16F21","#000000","#EF4923","#FFFFFF","#FFFFFF","#EF4923","#EF4923",0,""
444,"SK","SK","Wyverns","sk_wyverns.png",34437,285,120,0,0,177,0,8,0,0,0,0,"#E31836","#F58025","#000000","#000000","#FFFFFF","#FFFFFF","#E11632","#E11632",0,""
445,"KIA","KIA","Tigers","kia_tigers.png",40704,286,120,0,0,177,0,8,0,0,0,0,"#FD0000","#07081E","#FF0000","#000000","#FF0000","#FF0000","#000000","#000000",0,""
446,"NC","NC","Dinos","nc_dinos.png",18798,287,120,0,0,177,0,8,0,0,0,0,"#00285A","#AF917B","#000000","#19477B","#FFFFFF","#FFFFFF","#19477B","#19477B",0,""
448,"LG","LG","Twins","lg_twins.png",0,289,120,0,0,177,0,8,0,0,0,0,"#000000","#C4094E","#000000","#000000","#FFFFFF","#FFFFFF","#000000","#000000",0,""
450,"Gyeongsan","SAM2","Lions2","gyeongsan_lions2.png",40716,291,121,0,0,177,439,6,0,0,0,0,"#0066B3","#BFC1C3","#0063B0","#0063B0","#FFFFFF","#FFFFFF","#0063B0","#0063B0",0,""
451,"Icheon","DOO2","Bears2","icheon_bears2.png",34000,292,121,0,0,177,442,6,0,0,0,0,"#242561","#F7E705","#131230","#131230","#FFFFFF","#FFFFFF","#ED1C24","#ED1C24",0,""
452,"Changwon","NC2","Dinos2","changwon_dinos2.png",18798,293,121,0,0,177,446,6,0,0,0,0,"#00285A","#AF917B","#000000","#19477B","#FFFFFF","#FFFFFF","#19477B","#19477B",0,""
453,"Songdo","SK2","Wyverns2","songdo_wyverns2.png",34437,294,121,0,0,177,444,6,0,0,0,0,"#E31836","#F58025","#000000","#000000","#FFFFFF","#FFFFFF","#E11632","#E11632",0,""
454,"Sangdong","LOT2","Giants2","sangdong_giants2.png",61569,295,121,0,0,177,443,6,0,0,0,0,"#231F20","#F16F21","#000000","#EF4923","#FFFFFF","#FFFFFF","#EF4923","#EF4923",0,""
455,"Gangjin","NEX2","Heroes2","gangjin_heroes2.png",67203,296,121,0,0,177,441,6,0,0,0,0,"#B9A17E","#840224","#7E001D","#7E001D","#7E001D","#7E001D","#FFFFFF","#FFFFFF",0,""
456,"Daejeon","HAN2","Eagles2","daejeon_eagles2.png",77909,297,121,0,0,177,440,6,0,0,0,0,"#221E1F","#FB580D","#FC5605","#FC5605","#FFFFFF","#FC5605","#000000","#FC5605",0,""
457,"Guri","LG2","Twins2","guri_twins2.png",40541,298,121,0,0,177,448,6,0,0,0,0,"#000000","#C4094E","#000000","#000000","#FFFFFF","#FFFFFF","#000000","#000000",0,""
458,"Gwangju","KIA2","Tigers2","gwangju_tigers2.png",40704,299,121,0,0,177,445,6,0,0,0,0,"#FD0000","#07081E","#FF0000","#000000","#FF0000","#FF0000","#000000","#000000",0,""
459,"kt","KT","wiz","kt_wiz.png",77115,300,120,0,0,177,0,8,0,0,0,0,"#EC1C23","#231F20","#000000","#000000","#FFFFFF","#000000","#000000","#FF0000",0,""
460,"CITIC","BRO","Brothers Baseball Club","citic_brothers_baseball_club.png",78044,301,124,0,0,43,0,8,0,0,0,0,"#FFCD00","#000000","#000000","#000000","#FFFFFF","#FFFFFF","#000000","#000000",0,""
461,"Eda","EDA","Rhinos","eda_rhinos.png",36950,303,124,0,0,43,0,8,0,0,0,0,"#024C94","#8A1374","#6EB51B","#6EB51B","#FFFFFF","#FFFFFF","#6EB51B","#6EB51B",0,""
462,"Uni-President","UNI","Lions","uni-president_lions.png",78035,304,124,0,0,43,0,8,0,0,0,0,"#002712","#FDA307","#00622C","#00622C","#FFFFFF","#FFFFFF","#00622C","#00622C",0,""
463,"Lamigo","LAM","Monkeys","lamigo_monkeys.png",78536,305,124,0,0,43,0,8,0,0,0,0,"#003040","#01557B","#348C98","#348C98","#FFFFFF","#FFFFFF","#348C98","#348C98",0,""
464,"Taoyuan","TAO","Elephants","taoyuan_elephants.png",78536,306,125,0,0,43,460,6,0,0,0,0,"#FFCD00","#000000","#000000","#000000","#FFFFFF","#FFFFFF","#000000","#000000",0,""
465,"Kaohsiung","KRH","Rhinos","kaohsiung_rhinos.png",36950,307,125,0,0,43,461,6,0,0,0,0,"#024C94","#8A1374","#6EB51B","#6EB51B","#FFFFFF","#FFFFFF","#6EB51B","#6EB51B",0,""
466,"Tainan","TAN","Lions","tainan_lions.png",78035,308,125,0,0,43,462,6,0,0,0,0,"#002712","#FDA307","#00622C","#00622C","#FFFFFF","#FFFFFF","#00622C","#00622C",0,""
467,"LA NEW","LA","Bears","la_new_bears.png",78536,309,125,0,0,43,463,6,0,0,0,0,"#006E6F","#E3D239","#348C98","#FFFFFF","#348C98","#348C98","#FFFFFF","#FFFFFF",0,""
511,"Saltillo","Salt","Saraperos","saltillo_saraperos.png",69529,325,127,0,0,124,0,8,0,0,0,0,"#FFFFFF","#000000","#36AFC3","#36AFC3","#FFFFFF","#D6D6D6","#36AFC3","#36AFC3",0,""
512,"Monterrey","Mon","Sultanes","monterrey_sultanes.png",51496,326,127,0,0,124,0,8,0,0,0,0,"#D9372B","#30367E","#020228","#020228","#FFFFFF","#020228","#020228","#020228",0,""
513,"Carmen","CdC","Delfines","carmen_delfines.png",17510,327,127,0,1,124,0,8,0,0,0,0,"#253C70","#6EC7EF","#221E1F","#221E1F","#E2E2E2","#0C6E68","#221E1F","#221E1F",0,""
514,"Quintana Roo","QuR","Tigres","quintana_roo_tigres.png",17035,328,127,0,1,124,0,8,0,0,0,0,"#EC5F1E","#08114F","#0E0D4E","#EF592F","#FFFFFF","#EF592F","#0E0D4E","#EF592F",0,""
517,"Puebla","Pueb","Pericos","puebla_pericos.png",55358,329,127,0,0,124,0,8,0,0,0,0,"#E8D030","#0B7D4C","#0A7C4C","#EAD132","#FFFFFF","#EAD132","#0A7C4C","#0A7C4C",0,""
518,"Oaxaca","Oax","Guerreros","oaxaca_guerreros.png",56489,330,127,0,1,124,0,8,0,0,0,0,"#040204","#D42934","#040204","#040204","#FFFFFF","#040204","#040204","#040204",0,""
519,"Veracruz","ZAP","Rojos del Aguila","veracruz_rojos_del_aguila.png",84596,331,127,0,1,124,0,8,0,0,0,0,"#282780","#C4151B","#C4151C","#C4151C","#FFFFFF","#C4151C","#C4151C","#C4151C",0,""
520,"Mexico","Mex","Diablos Rojos","mexico_diablos_rojos.png",49935,332,127,0,0,124,0,8,0,0,0,0,"#DC141B","#FFD900","#AD141A","#AD141A","#FFFFFF","#AD141A","#AD141A","#AD141A",0,""
521,"Campeche","Camp","Piratas","campeche_piratas.png",16924,333,127,0,1,124,0,8,0,0,0,0,"#B2110B","#002F59","#B11E21","#B11E21","#FFFFFF","#0C2D54","#B11E21","#B11E21",0,""
522,"Monclova","Monc","Acereros","monclova_acereros.png",51195,334,127,0,0,124,0,8,0,0,0,0,"#FC0404","#171264","#140E61","#140E61","#FFFFFF","#140E61","#140E61","#140E61",0,""
523,"Tabasco","Tab","Olmecas","tabasco_olmecas.png",77808,335,127,0,1,124,0,8,0,0,0,0,"#FFFFFF","#003E2C","#0A4030","#0A4030","#C7C7C7","#C7C7C7","#0A4030","#0A4030",0,""
524,"Laguna","Lag","Vaqueros","laguna_vaqueros.png",80695,336,127,0,0,124,0,8,0,0,0,0,"#000000","#F3370C","#F4360C","#F4360C","#F4360C","#040204","#040204","#040204",0,""
525,"Tijuana","Tij","Toros","tijuana_toros.png",79944,337,127,0,1,124,0,8,0,0,0,0,"#070000","#FF0000","#980007","#980007","#FFFFFF","#181510","#980007","#980007",0,""
526,"Reynosa","Reyn","Broncos","reynosa_broncos.png",67007,338,127,0,0,124,0,8,0,0,0,0,"#007B55","#EDEDED","#017D59","#F2560A","#F2560A","#017D59","#017D59","#017D59",0,""
527,"Yucatan","Yuc","Leones","yucatan_leones.png",46082,339,127,0,1,124,0,8,0,0,0,0,"#FC6704","#0D2612","#0E260C","#FC6604","#FC6604","#0E260C","#0E260C","#0E260C",0,""
528,"Aguascalientes","Agua","Rieleros","aguascalientes_rieleros.png",518,340,127,0,0,124,0,8,0,0,0,0,"#A1A7A5","#193658","#193655","#193655","#FFFFFF","#193655","#193655","#193655",0,""
539,"Isla de la Juventud","IJv","Piratas","isla_de_la_juventud_piratas.png",53080,351,129,0,0,49,0,8,0,0,0,0,"#5A8D0F","#000000","#010240","#010240","#010240","#FFFFFF","#FFFFFF","#FFFFFF",0,""
540,"Matanzas","MTZ","Cocodrilos","matanzas_cocodrilos.png",48818,352,129,0,0,49,0,8,0,0,0,0,"#19723C","#DA261C","#D92118","#D92118","#FFFFFF","#D92118","#D92118","#D92118",0,""
541,"Mayabeque","May","Huracanes","mayabeque_huracanes.png",70132,353,129,0,0,49,0,8,0,0,0,0,"#CE030A","#FAEF1A","#68100B","#68100B","#FFFFFF","#68100B","#68100B","#68100B",0,""
542,"Pinar del Rio","PdR","Vegueros","pinar_del_rio_vegueros.png",59042,354,129,0,0,49,0,8,0,0,0,0,"#00923E","#000000","#005300","#005300","#FFFFFF","#005300","#005300","#005300",0,""
543,"Cienfuegos","CFG","Elefantes","cienfuegos_elefantes.png",13749,355,129,0,0,49,0,8,0,0,0,0,"#1A9958","#1A1A18","#000000","#00AB00","#FFFFFF","#000000","#00AB00","#000000",0,""
544,"Artemisa","LH","Cazadores","artemisa_cazadores.png",26974,356,129,0,0,49,0,8,0,0,0,0,"#FF1100","#0B3587","#FF0000","#FF0000","#FFFFFF","#FF0000","#FF0000","#FF0000",0,""
545,"Industriales","Ind","Leones","industriales_leones.png",31031,357,129,0,0,49,0,8,0,0,0,0,"#000000","#00018A","#095CCD","#095CCD","#FFFFFF","#095CCD","#095CCD","#095CCD",0,""
546,"Sancti Spiritus","SSp","Gallos","sancti_spiritus_gallos.png",70730,358,129,0,0,49,0,8,0,0,0,0,"#003A7E","#E95A06","#1A027D","#F37A03","#F37A03","#FFFFFF","#1A027D","#1A027D",0,""
547,"Camaguey","CMG","Toros","camaguey_toros.png",16758,359,129,0,0,49,0,8,0,0,0,0,"#102E64","#C8292B","#112270","#800000","#112270","#00CEFF","#800000","#800000",0,""
548,"Ciego de Avila","CAv","Tigres","ciego_de_avila_tigres.png",13746,360,129,0,0,49,0,8,0,0,0,0,"#1D1815","#F29A47","#100357","#100357","#FFFFFF","#9D0000","#459EF5","#9D0000",0,""
549,"Las Tunas","LTu","Lenadores","las_tunas_lenadores.png",43938,361,129,0,0,49,0,8,0,0,0,0,"#1A9958","#C8292B","#009934","#009934","#009934","#FC260A","#FC260A","#FC260A",0,""
550,"Villa Clara","VCl","Naranjas","villa_clara_naranjas.png",71022,362,129,0,0,49,0,8,0,0,0,0,"#0A0B0D","#EB932E","#FF6600","#000000","#FFFFFF","#FF6600","#FF6600","#FF6600",0,""
551,"Granma","GRA","Potros","granma_potros.png",7742,363,129,0,0,49,0,8,0,0,0,0,"#007CC2","#DA261C","#A10D0D","#A10D0D","#FFFFFF","#FFFFFF","#A10D0D","#A10D0D",0,""
552,"Guantanamo","Gtm","Indios","guantanamo_indios.png",26960,364,129,0,0,49,0,8,0,0,0,0,"#111314","#F8BD28","#000000","#000000","#000000","#FFFFFF","#FFFFFF","#FFFFFF",0,""
553,"Holguin","Hol","Cachorros","holguin_cachorros.png",32267,365,129,0,0,49,0,8,0,0,0,0,"#0079C8","#83C529","#1E1E9E","#1E1E9E","#FFFFFF","#FFFFFF","#1E1E9E","#1E1E9E",0,""
554,"Santiago de Cuba","SCu","Avispas","santiago_de_cuba_avispas.png",71361,366,129,0,0,49,0,8,0,0,0,0,"#E30A15","#1A1A18","#800000","#800000","#F3CE93","#800000","#800000","#800000",0,""
555,"","","All-Stars","_all-stars.png",0,352,129,0,0,0,0,8,0,0,0,0,"#8D640E","#067D2E","#DD0101","#DD0101","#DD0101","#DD0101","#000000","#000000",1,""
556,"","ZOR","All-Stars","_all-stars.png",0,364,129,0,0,0,0,8,0,0,0,0,"#D82E3A","#0C2B55","#1E1E9E","#1E1E9E","#1E1E9E","#1E1E9E","#FFFFFF","#FFFFFF",1,""
559,"DOOR","DOOR","Neptunus","door_neptunus.png",65638,369,132,0,0,85,0,8,0,0,0,0,"#1B4066","#FFFFFF","#1D415F","#FBFFFF","#FFFFFF","#FFFFFF","#1D415F","#1D415F",0,""
561,"Caff Danesi Nettuno","CDN","","caff_danesi_nettuno_.png",54802,371,131,0,0,95,0,8,0,0,0,0,"#212D5F","#C00018","#212D5F","#C00018","#FFFFFF","#212D5F","#212D5F","#212D5F",0,""
562,"T&A San Marino","T&A","","t_a_san_marino_.png",70371,372,131,0,0,162,0,8,0,0,0,0,"#1E4191","#F52A39","#1E4191","#1E4191","#FFFFFF","#FFFFFF","#1E4191","#F52A39",0,""
563,"L&D Amsterdam","L&D","Pirates","l_d_amsterdam_pirates.png",2783,373,132,0,0,85,0,8,0,0,0,0,"#000000","#FFBB0D","#040F0A","#040F0A","#FFFFFF","#000000","#040F0A","#F6BC1B",0,""
564,"Lino's Coffee Parma","PARM","","lino_s_coffee_parma_.png",62944,374,131,0,0,95,0,8,0,0,0,0,"#29166F","#FFFFFF","#29166F","#29166F","#FFFFFF","#FFFFFF","#29166F","#29166F",0,""
565,"UnipolSai Bologna","BOLO","BC 1953","unipolsai_bologna_bc_1953.png",10513,375,131,0,0,95,0,8,0,0,0,0,"#1793DD","#222E62","#004586","#004586","#FFFFFF","#FFFFFF","#004586","#08A8F6",0,""
567,"De Angelis North East","DEA","Knights","de_angelis_north_east_knights.png",85135,377,131,0,0,95,0,8,0,0,0,0,"#0E1D6E","#EF0008","#0F2D7B","#DE3F23","#FFFFFF","#0F2D7B","#0F2D7B","#0F2D7B",0,""
568,"Telemarket Rimini","RIMI","Baseball","telemarket_rimini_baseball.png",64282,378,131,0,0,95,0,8,0,0,0,0,"#B45113","#11161A","#DA4A11","#DA4A11","#FFFFFF","#FFFFFF","#DA4A11","#000000",0,""
569,"Vaessen","VAE","Pioniers","vaessen_pioniers.png",30148,379,132,0,0,85,0,8,0,0,0,0,"#009CC9","#1C1B21","#000000","#000000","#FFFFFF","#FFFFFF","#000000","#00A5E2",0,""
570,"Corendon Kinheim","KIN","","corendon_kinheim_.png",30146,380,132,0,0,85,0,8,0,0,0,0,"#CE000C","#FDFFFF","#CE000C","#FDFFFF","#FFFFFF","#FFFFFF","#CE000C","#CE000C",0,""
571,"Mampaey","MAM","Hawks","mampaey_hawks.png",21304,381,132,0,0,85,0,8,0,0,0,0,"#344A7B","#CB3741","#2B296A","#2B296A","#2B296A","#FFFFFF","#2B296A","#2B296A",0,""
575,"UVV Utrecht","UVV","","uvv_utrecht_.png",82748,385,132,0,0,85,0,8,0,0,0,0,"#DD042B","#002D59","#DD042B","#002D59","#FFFFFF","#D9D9D9","#DD042B","#DD042B",0,""
576,"Mr. Cocker","MrC","HCAW","mr_cocker_hcaw.png",12835,386,132,0,0,85,0,8,0,0,0,0,"#00019A","#FECC01","#0606A4","#0606A4","#FFFFFF","#D0D0D0","#0606A4","#0606A4",0,""
584,"Boston (DSL)","RSo1","Red Sox","boston_(dsl)_red_sox.png",0,5,133,0,3,56,34,6,0,0,0,0,"#BD3039","#0D2B56","#BD3039","#0D2B56","#BD3039","#BD3039","#0D2B56","#0D2B56",0,""
585,"Texas (DSL)","Rang","Rangers","texas_(dsl)_rangers.png",0,6,133,0,1,56,58,6,0,0,0,0,"#003278","#C0111F","#003278","#C0111F","#003278","#003278","#C0111F","#C0111F",0,""
586,"Kansas City (DSL)","Roy","Royals","kansas_city_(dsl)_royals.png",0,7,133,0,2,56,43,6,0,0,0,0,"#004687","#C09A5B","#004687","#C09A5B","#004687","#004687","#C09A5B","#C09A5B",0,""
587,"New York N 2 (DSL)","Met2","Mets 2","new_york_n_2_(dsl)_mets_2.png",0,8,133,0,4,56,49,6,0,0,0,0,"#002D72","#FF5910","#002D72","#FF5910","#002D72","#002D72","#FF5910","#FF5910",0,""
588,"Houston 1 (DSL)","AstB","Astros Blue","houston_1_(dsl)_astros_blue.png",0,9,133,0,2,56,42,6,0,0,0,0,"#002D62","#EB6E1F","#002D62","#EB6E1F","#002D62","#002D62","#EB6E1F","#EB6E1F",0,""
589,"Seattle (DSL)","Mar1","Mariners","seattle_(dsl)_mariners.png",0,10,133,0,3,56,54,6,0,0,0,0,"#0C2C56","#005C5C","#0C2C56","#005C5C","#0C2C56","#0C2C56","#005C5C","#005C5C",0,""
590,"San Francisco (DSL)","Gian","Giants","san_francisco_(dsl)_giants.png",0,11,133,0,3,56,55,6,0,0,0,0,"#FD5A1E","#000000","#FD5A1E","#000000","#FD5A1E","#FD5A1E","#000000","#000000",0,""
591,"Minnesota (DSL)","Twin","Twins","minnesota_(dsl)_twins.png",0,59,133,0,3,56,47,6,0,0,0,0,"#002B5C","#D31145","#002B5C","#D31145","#002B5C","#002B5C","#D31145","#D31145",0,""
592,"Pittsburgh (DSL)","Pir1","Pirates 1","pittsburgh_(dsl)_pirates_1.png",0,43,133,0,4,56,52,6,0,0,0,0,"#FDB827","#000000","#FDB827","#000000","#FDB827","#FDB827","#000000","#000000",0,""
593,"Chicago A (DSL)","WS","White Sox","chicago_a_(dsl)_white_sox.png",0,59,133,0,0,56,35,6,0,0,0,0,"#000000","#C4CED4","#000000","#C4CED4","#000000","#000000","#C4CED4","#C4CED4",0,""
594,"Cincinnati (DSL)","Red","Reds","cincinnati_(dsl)_reds.png",0,59,133,0,0,56,37,6,0,0,0,0,"#C6011F","#041E42","#C6011F","#041E42","#C6011F","#C6011F","#041E42","#041E42",0,""
595,"Philadelphia (DSL)","Phil","Phillies","philadelphia_(dsl)_phillies.png",0,46,133,0,2,56,51,6,0,0,0,0,"#E81828","#284898","#E81828","#284898","#E81828","#E81828","#284898","#284898",0,""
596,"Los Angeles (DSL)","Ang","Angels","los_angeles_(dsl)_angels.png",0,47,133,0,1,56,44,6,0,0,0,0,"#BA0021","#003263","#BA0021","#003263","#BA0021","#BA0021","#003263","#003263",0,""
597,"Tampa Bay (DSL)","Rays","Rays","tampa_bay_(dsl)_rays.png",0,48,133,0,2,56,57,6,0,0,0,0,"#092C5C","#8FBCE6","#092C5C","#8FBCE6","#092C5C","#092C5C","#8FBCE6","#8FBCE6",0,""
598,"Baltimore (DSL)","Ori1","Orioles 1","baltimore_(dsl)_orioles_1.png",0,59,133,0,0,56,33,6,0,0,0,0,"#DF4601","#000000","#DF4601","#000000","#DF4601","#DF4601","#000000","#000000",0,""
599,"New York A (DSL)","Yan1","Yankees 1","new_york_a_(dsl)_yankees_1.png",0,50,133,0,3,56,48,6,0,0,0,0,"#003087","#E4002B","#003087","#E4002B","#003087","#003087","#E4002B","#E4002B",0,""
600,"San Diego (DSL)","Pad","Padres","san_diego_(dsl)_padres.png",0,51,133,0,0,56,53,6,0,0,0,0,"#05143F","#B3A369","#05143F","#B3A369","#05143F","#05143F","#B3A369","#B3A369",0,""
601,"Colorado (DSL)","Rock","Rockies","colorado_(dsl)_rockies.png",0,52,133,0,3,56,39,6,0,0,0,0,"#333366","#C4CED4","#333366","#C4CED4","#333366","#333366","#C4CED4","#C4CED4",0,""
602,"New York N (DSL)","Met1","Mets 1","new_york_n_(dsl)_mets_1.png",0,8,133,0,3,56,49,6,0,0,0,0,"#002D72","#FF5910","#002D72","#FF5910","#002D72","#002D72","#FF5910","#FF5910",0,""
603,"Oakland (DSL)","Ath","Athletics","oakland_(dsl)_athletics.png",0,54,133,0,2,56,50,6,0,0,0,0,"#003831","#EFB21E","#003831","#EFB21E","#003831","#003831","#EFB21E","#EFB21E",0,""
604,"Los Angeles (DSL)","Dodg","Dodgers","los_angeles_(dsl)_dodgers.png",0,10,133,0,3,56,45,6,0,0,0,0,"#005A9C","#EF3E42","#005A9C","#EF3E42","#005A9C","#005A9C","#EF3E42","#EF3E42",0,""
605,"Washington (DSL)","Nat","Nationals","washington_(dsl)_nationals.png",0,56,133,0,1,56,60,6,0,0,0,0,"#AB0003","#11225B","#AB0003","#11225B","#AB0003","#AB0003","#11225B","#11225B",0,""
606,"Miami (DSL)","Mar","Marlins","miami_(dsl)_marlins.png",0,57,133,0,4,56,41,6,0,0,0,0,"#FF6600","#0077C8","#FF6600","#0077C8","#FF6600","#FF6600","#0077C8","#0077C8",0,""
607,"St. Louis (DSL)","Card","Cardinals","st_louis_(dsl)_cardinals.png",0,56,133,0,1,56,56,6,0,0,0,0,"#C41E3A","#000066","#C41E3A","#000066","#C41E3A","#C41E3A","#000066","#000066",0,""
608,"Arizona (DSL)","Dbac","Diamondbacks","arizona_(dsl)_diamondbacks.png",0,59,133,0,0,56,31,6,0,0,0,0,"#A71930","#000000","#A71930","#000000","#A71930","#A71930","#000000","#000000",0,""
609,"Cleveland (DSL)","Ind","Indians","cleveland_(dsl)_indians.png",0,60,133,0,2,56,38,6,0,0,0,0,"#E31937","#002B5C","#E31937","#002B5C","#E31937","#E31937","#002B5C","#002B5C",0,""
610,"Baltimore (DSL)","Ori2","Orioles 2","baltimore_(dsl)_orioles_2.png",0,59,133,0,3,56,33,6,0,0,0,0,"#DF4601","#000000","#DF4601","#000000","#DF4601","#DF4601","#000000","#000000",0,""
611,"Chicago N (DSL)","Cubs","Cubs","chicago_n_(dsl)_cubs.png",0,59,133,0,4,56,36,6,0,0,0,0,"#0E3386","#CC3433","#0E3386","#CC3433","#0E3386","#0E3386","#CC3433","#CC3433",0,""
612,"New York A 2 (DSL)","Yan2","Yankees 2","new_york_a_2_(dsl)_yankees_2.png",0,50,133,0,4,56,48,6,0,0,0,0,"#003087","#E4002B","#003087","#E4002B","#003087","#003087","#E4002B","#E4002B",0,""
613,"Texas 2 (DSL)","Ran2","Rangers 2","texas_2_(dsl)_rangers_2.png",0,43,133,0,4,56,58,6,0,0,0,0,"#003278","#C0111F","#003278","#C0111F","#003278","#003278","#C0111F","#C0111F",0,""
614,"","","All-Stars","_all-stars.png",0,7,133,0,0,0,0,6,0,0,0,0,"#DD0101","#000000","#DD0101","#DD0101","#DD0101","#DD0101","#000000","#000000",1,""
615,"","SL2","All-Stars","_all-stars.png",0,56,133,0,0,0,0,6,0,0,0,0,"#1E1E9E","#FFFFFF","#1E1E9E","#1E1E9E","#1E1E9E","#1E1E9E","#FFFFFF","#FFFFFF",1,""
616,"Detroit (DSL)","Tig","Tigers","detroit_(dsl)_tigers.png",0,65,133,0,4,56,40,6,0,0,0,0,"#0C2C56","#FF6600","#0C2C56","#FF6600","#0C2C56","#0C2C56","#FF6600","#FF6600",0,""
617,"Toronto (DSL)","Jays","Blue Jays","toronto_(dsl)_blue_jays.png",0,66,133,0,0,56,59,6,0,0,0,0,"#134A8E","#E8291C","#134A8E","#E8291C","#134A8E","#134A8E","#E8291C","#E8291C",0,""
618,"Cincinnati (DSL)","Rojo","Rojos","cincinnati_(dsl)_rojos.png",0,59,133,0,3,56,37,6,0,0,0,0,"#BA0C2F","#010101","#C6011F","#C6011F","#000000","#C6011F","#C6011F","#C6011F",0,""
619,"Atlanta (DSL)","Brav","Braves","atlanta_(dsl)_braves.png",0,68,133,0,4,56,32,6,0,0,0,0,"#13274F","#CE1141","#13274F","#CE1141","#13274F","#13274F","#CE1141","#CE1141",0,""
620,"Milwaukee (DSL)","Brew","Brewers","milwaukee_(dsl)_brewers.png",0,69,133,0,4,56,46,6,0,0,0,0,"#0A2351","#B6922E","#0A2351","#B6922E","#0A2351","#0A2351","#B6922E","#B6922E",0,""
622,"Chicago (VSL)","VCC","Cubs","chicago_(vsl)_cubs.png",0,71,134,0,0,210,36,6,0,0,0,0,"#0E3386","#CC3433","#0E3386","#CC3433","#0E3386","#0E3386","#CC3433","#CC3433",0,""
623,"Tampa Bay (VSL)","VRay","Rays","tampa_bay_(vsl)_rays.png",0,72,134,0,0,210,57,6,0,0,0,0,"#092C5C","#8FBCE6","#092C5C","#8FBCE6","#092C5C","#092C5C","#8FBCE6","#8FBCE6",0,""
624,"Philadelphia (VSL)","VPhi","Phillies","philadelphia_(vsl)_phillies.png",0,73,134,0,0,210,51,6,0,0,0,0,"#E81828","#284898","#E81828","#284898","#E81828","#E81828","#284898","#284898",0,""
625,"Detroit (VSL)","VTig","Tigers","detroit_(vsl)_tigers.png",0,74,134,0,0,210,40,6,0,0,0,0,"#0C2C56","#FF6600","#0C2C56","#FF6600","#0C2C56","#0C2C56","#FF6600","#FF6600",0,""
646,"","","All-Stars","_all-stars.png",0,74,134,0,0,0,0,6,0,0,0,0,"#DD0101","#000000","#DD0101","#DD0101","#DD0101","#DD0101","#000000","#000000",1,""
647,"","SL2","All-Stars","_all-stars.png",0,393,134,0,0,0,0,6,0,0,0,0,"#1E1E9E","#FFFFFF","#1E1E9E","#1E1E9E","#1E1E9E","#1E1E9E","#FFFFFF","#FFFFFF",1,""
648,"Tommasin Padova","TP","","tommasin_padova_.png",84548,405,131,0,0,95,0,8,0,0,0,0,"#155918","#000000","#155918","#155918","#FFFFFF","#CBCBCB","#155918","#155918",0,""
649,"Houston 2 (DSL)","AstO","Astros Orange","houston_2_(dsl)_astros_orange.png",0,406,133,0,1,56,42,6,0,0,0,0,"#002D62","#EB6E1F","#002D62","#EB6E1F","#002D62","#002D62","#EB6E1F","#EB6E1F",0,""
651,"Chicago A (AZL)","ACHA","White Sox","chicago_a_(azl)_white_sox.png",0,408,114,0,2,206,35,6,0,0,0,0,"#000000","#C4CED4","#000000","#C4CED4","#000000","#000000","#C4CED4","#C4CED4",0,""
652,"Nettuno 2","NET","","nettuno_2_.png",54802,409,131,0,0,95,0,8,0,0,0,0,"#FFD700","#171775","#FFD700","#FFD700","#FFFFFF","#C5C5C5","#FFD700","#FFD700",0,""
653,"Sydney","SYD","Blue Sox","sydney_blue_sox.png",77266,410,135,0,0,12,0,8,0,0,0,0,"#74BAE5","#201C1D","#201C1D","#74BAE5","#FFFFFF","#201C1D","#201C1D","#74BAE5",0,""
654,"Adelaide","ADEL","Bite","adelaide_bite.png",2254,411,135,0,0,12,0,8,0,0,0,0,"#002659","#D00F41","#002659","#D00F41","#FFFFFF","#D00F41","#002659","#002659",0,""
655,"Canberra","CANB","Cavalry","canberra_cavalry.png",17031,412,135,0,0,12,0,8,0,0,0,0,"#D63313","#000000","#D63313","#000000","#D4D4D4","#D4D4D4","#D63313","#000000",0,""
656,"Melbourne","MELB","Aces","melbourne_aces.png",49485,413,135,0,0,12,0,8,0,0,0,0,"#002449","#9B3111","#002449","#002449","#FFFFFF","#002449","#002449","#002449",0,""
657,"Perth","PERT","Heat","perth_heat.png",58379,414,135,0,0,12,0,8,0,0,0,0,"#BD472F","#000000","#000000","#000000","#FFFFFF","#BD472F","#000000","#000000",0,""
658,"Brisbane","BRIS","Bandits","brisbane_bandits.png",11763,415,135,0,0,12,0,8,0,0,0,0,"#841820","#8C8C90","#000000","#841820","#FFFFFF","#841820","#000000","#000000",0,""
659,"Grand Prairie","GP","AirHogs","grand_prairie_airhogs.png",29498,416,136,0,2,206,0,7,0,0,0,0,"#808080","#B50514","#171775","#B50514","#171775","#171775","#B50514","#B50514",0,""
660,"Sioux Falls","SioF","Canaries","sioux_falls_canaries.png",74316,417,136,0,1,206,0,7,0,0,0,0,"#0060A9","#FFD420","#0060A9","#0060A9","#FFFFFF","#D3D3D3","#0060A9","#0060A9",0,""
661,"Wichita","WICH","Wingnuts","wichita_wingnuts.png",86418,418,136,0,2,206,0,7,0,0,0,0,"#B5121B","#0E0E0F","#B5121B","#B5121B","#B5121B","#B5121B","#0E0E0F","#0E0E0F",0,""
662,"St. Paul","StPaul","Saints","st_paul_saints.png",69127,419,136,0,1,206,0,7,0,0,0,0,"#0067A6","#FFFFFF","#0067A6","#0067A6","#FFFFFF","#BEBEBE","#0067A6","#0067A6",0,""
663,"Sioux City","SioC","Explorers","sioux_city_explorers.png",74315,420,136,0,0,206,0,7,0,0,0,0,"#B83636","#2E0D0D","#B83636","#B83636","#B83636","#B83636","#FFFFFF","#FFFFFF",0,""
664,"Laredo","LAR","Lemurs","laredo_lemurs.png",43842,421,136,0,2,206,0,7,0,0,0,0,"#000000","#B6A269","#000000","#000000","#000000","#000000","#FFFFFF","#FFFFFF",0,""
665,"Fargo-Moorhead","FARG","RedHawks\t","fargo-moorhead_redhawks_.png",26414,422,136,0,1,206,0,7,0,0,0,0,"#A60003","#000000","#000000","#A60003","#000000","#A60003","#A60003","#A60003",0,""
666,"Lincoln","LINC","Saltdogs","lincoln_saltdogs.png",45562,423,136,0,0,206,0,7,0,0,0,0,"#00244C","#E03A3E","#00244C","#00244C","#00244C","#00244C","#FFFFFF","#FFFFFF",0,""
667,"Gary SouthShore","GARY","RailCats","gary_southshore_railcats.png",27881,424,136,0,0,206,0,7,0,0,0,0,"#144B3D","#FFFFFF","#144B3D","#144B3D","#FFFFFF","#CECECE","#144B3D","#144B3D",0,""
668,"Amarillo","AMA","ThunderHeads","amarillo_thunderheads.png",2539,425,136,0,2,206,0,7,0,0,0,0,"#2F2606","#ECB446","#2F2606","#2F2606","#FFFFFF","#CFCFCF","#2F2606","#2F2606",0,""
669,"Winnipeg","WINN","Goldeyes","winnipeg_goldeyes.png",86862,426,136,0,1,36,0,7,0,0,0,0,"#00285E","#D73648","#00285E","#00285E","#FFFFFF","#D6D6D6","#00285E","#00285E",0,""
670,"Kansas City","KCTB","T-Bones","kansas_city_t-bones.png",36925,427,136,0,0,206,0,7,0,0,0,0,"#A61744","#D1AD85","#000000","#000000","#FFFFFF","#000000","#000000","#000000",0,""
671,"Joplin","JOP","Blasters","joplin_blasters.png",35631,428,136,0,2,206,0,7,0,0,0,0,"#FFC001","#9B0101","#FFC001","#FFC001","#FFC001","#FFC001","#FFFFFF","#FFFFFF",0,""
672,"Lancaster","LANC","Barnstormers","lancaster_barnstormers.png",43532,429,137,0,0,206,0,7,0,0,0,0,"#BF2F38","#000000","#BF2F38","#BF2F38","#FFFFFF","#DADADA","#BF2F38","#BF2F38",0,""
673,"Bridgeport","BRID","Bluefish","bridgeport_bluefish.png",11664,430,137,0,1,206,0,7,0,0,0,0,"#003263","#006B65","#003263","#003263","#FFFFFF","#CECECE","#003263","#003263",0,""
674,"Sugar Land","SUG","Skeeters","sugar_land_skeeters.png",76678,431,137,0,0,206,0,7,0,0,0,0,"#045CB4","#FCE384","#000000","#000000","#FFFFFF","#C4C4C4","#FCE384","#FCE384",0,""
675,"York","YORK","Revolution","york_revolution.png",88078,432,137,0,0,206,0,7,0,0,0,0,"#002B5C","#FCBA30","#000000","#002B5C","#FFFFFF","#FFFFFF","#002B5C","#002B5C",0,""
676,"Camden","CAMD","Riversharks","camden_riversharks.png",16851,433,137,0,1,206,0,7,0,0,0,0,"#1E3568","#588CC3","#1E3568","#1E3568","#FFFFFF","#DFDFDF","#1E3568","#1E3568",0,""
677,"Long Island","LI","Ducks","long_island_ducks.png",18202,434,137,0,1,206,0,7,0,0,0,0,"#000000","#FF5821","#000000","#000000","#FFFFFF","#B5B5B5","#000000","#000000",0,""
678,"Somerset","SOM","Patriots","somerset_patriots.png",75012,435,137,0,1,206,0,7,0,0,0,0,"#003263","#8F0028","#003263","#003263","#003263","#003263","#8F0028","#8F0028",0,""
679,"Southern Maryland","SMAR","Blue Crabs","southern_maryland_blue_crabs.png",87514,436,137,0,0,206,0,7,0,0,0,0,"#003263","#FFFFFF","#003263","#003263","#FFFFFF","#D6D6D6","#003263","#003263",0,""
680,"Freedom Division","AS1","All-Stars","freedom_division_all-stars.png",0,434,137,0,0,0,0,7,0,0,0,0,"#9B0101","#000000","#9B0101","#000000","#9B0101","#9B0101","#000000","#000000",1,""
681,"Liberty Division","AS2","All-Stars","liberty_division_all-stars.png",0,433,137,0,0,0,0,7,0,0,0,0,"#1E1E9E","#FFFFFF","#1E1E9E","#1E1E9E","#1E1E9E","#1E1E9E","#FFFFFF","#FFFFFF",1,""
682,"Rockland","ROCK","Boulders","rockland_boulders.png",60094,437,136,1,0,206,0,7,0,0,0,0,"#0257A5","#DD4549","#0257A5","#DD4549","#0257A5","#0257A5","#DD4549","#DD4549",0,""
683,"New Jersey","NJ","Jackals","new_jersey_jackals.png",45819,438,136,1,0,206,0,7,0,0,0,0,"#B51919","#000000","#000000","#000000","#FFFFFF","#B51919","#000000","#000000",0,""
684,"Quebec","QUE","Capitales","quebec_capitales.png",63789,439,136,1,0,36,0,7,0,0,0,0,"#013674","#FEB827","#013674","#013674","#FFFFFF","#CFCFCF","#013674","#013674",0,""
685,"Trois-Rivieres","T-R","Aigles","trois-rivieres_aigles.png",81197,440,136,1,0,36,0,7,0,0,0,0,"#DB2E23","#0D0E06","#DB2E23","#0D0E06","#FFFFFF","#0D0E06","#DB2E23","#DB2E23",0,""
686,"Ottawa","OTT","Champions","ottawa_champions.png",57981,441,136,1,0,36,0,7,0,0,0,0,"#A10D0D","#1A347E","#A10D0D","#A10D0D","#FFFFFF","#BFBFBF","#A10D0D","#A10D0D",0,""
687,"Evansville","EVAN","Otters","evansville_otters.png",24313,442,139,0,0,206,0,7,0,0,0,0,"#870500","#002A5C","#870500","#870500","#870500","#870500","#FFFFFF","#FFFFFF",0,""
688,"Joliet","JOLI","Slammers","joliet_slammers.png",35587,443,139,0,1,206,0,7,0,0,0,0,"#00573D","#F47D31","#00573D","#00573D","#FFFFFF","#C8C8C8","#00573D","#00573D",0,""
689,"Windy City","WINDY","ThunderBolts","windy_city_thunderbolts.png",15621,444,139,0,1,206,0,7,0,0,0,0,"#231F20","#61A8D2","#FFFFFF","#120E83","#120E83","#231F20","#231F20","#231F20",0,""
690,"Florence","FLOR","Freedom","florence_freedom.png",25827,445,139,0,0,206,0,7,0,0,0,0,"#231F20","#EB1635","#231F20","#EB1635","#231F20","#231F20","#EB1635","#EB1635",0,""
691,"Southern Illinois","SILL","Miners","southern_illinois_miners.png",48286,446,139,0,0,206,0,7,0,0,0,0,"#000000","#B97C09","#000000","#000000","#FFFFFF","#FFFFFF","#000000","#000000",0,""
692,"Washington","WASH","Wild Things","washington_wild_things.png",87842,447,139,0,0,206,0,7,0,0,0,0,"#B5121B","#242424","#B5121B","#B5121B","#FFFFFF","#E1E1E1","#B5121B","#B5121B",0,""
693,"Gateway","GATE","Grizzlies","gateway_grizzlies.png",69095,448,139,0,1,206,0,7,0,0,0,0,"#003263","#FFFFFF","#003263","#003263","#003263","#003263","#FFFFFF","#FFFFFF",0,""
694,"Rockford","ROCK","Aviators","rockford_aviators.png",66441,449,139,0,1,206,0,7,0,0,0,0,"#002A5C","#F67420","#002A5C","#002A5C","#FFFFFF","#CBCBCB","#002A5C","#002A5C",0,""
695,"Normal","NORM","CornBelters","normal_cornbelters.png",56026,450,139,0,1,206,0,7,0,0,0,0,"#004218","#5FB942","#000000","#000000","#FFFFFF","#BDBDBD","#004218","#004218",0,""
696,"Lake Erie","ERIE","Crushers","lake_erie_crushers.png",5099,451,139,0,0,206,0,7,0,0,0,0,"#231F20","#DB1047","#000000","#000000","#FFFFFF","#FFFFFF","#DB1047","#DB1047",0,""
697,"Schaumburg","SCHA","Boomers","schaumburg_boomers.png",72095,452,139,0,1,206,0,7,0,0,0,0,"#F57F20","#000000","#FFFFFF","#F57F20","#FFFFFF","#F57F20","#000000","#F57F20",0,""
698,"River City","RivC","Rascals","river_city_rascals.png",56846,453,139,0,1,206,0,7,0,0,0,0,"#710713","#FFFFFF","#000000","#000000","#FFFFFF","#E4E4E4","#FFFFFF","#FFFFFF",0,""
699,"Frontier","FRON","Greys","frontier_greys.png",31821,454,139,0,0,206,0,7,0,0,0,0,"#2D3092","#BBBDC0","#2D3092","#2D3092","#FFFFFF","#D3D3D3","#2D3092","#2D3092",0,""
700,"Traverse City","TRAV","Beach Bums","traverse_city_beach_bums.png",80988,455,139,0,0,206,0,7,0,0,0,0,"#003263","#FFD51D","#000000","#003263","#FFFFFF","#DCDCDC","#003263","#003263",0,""
701,"East Division","AS1","All-Stars","",0,447,139,0,0,0,0,7,0,0,0,0,"#9B0101","#000000","#9B0101","#9B0101","#9B0101","#9B0101","#000000","#000000",1,""
702,"West Division","AS2","All-Stars","",0,449,139,0,0,0,0,7,0,0,0,0,"#1E1E9E","#FFFFFF","#1E1E9E","#FFFFFF","#1E1E9E","#1E1E9E","#FFFFFF","#FFFFFF",1,""
703,"Tokushima","TOK","Indigo Socks","tokushima_indigo_socks.png",80426,456,140,0,0,98,0,7,0,0,0,0,"#091035","#FCCA05","#091035","#54A7C0","#173E7C","#091035","#54A7C0","#54A7C0",0,""
704,"Kagawa","KAG","Olive Guyners","kagawa_olive_guyners.png",36346,457,140,0,0,98,0,7,0,0,0,0,"#175E37","#BCCD90","#175E37","#175E37","#175E37","#BCCD90","#BCCD90","#BCCD90",0,""
705,"Ehime","EHIM","Mandarin Pirates","ehime_mandarin_pirates.png",48918,458,140,0,0,98,0,7,0,0,0,0,"#E1730B","#000000","#000000","#E1730B","#E1730B","#E1730B","#00003B","#00003B",0,""
706,"Kochi","KOCH","Fighting Dogs","kochi_fighting_dogs.png",35967,459,140,0,0,98,0,7,0,0,0,0,"#000000","#C0C0C0","#000000","#C30000","#000000","#C0C0C0","#C30000","#C30000",0,""
707,"Gunma","GUN","Diamond Pegasus","gunma_diamond_pegasus.png",46610,460,141,0,0,98,0,7,0,0,0,0,"#252122","#518CD0","#252122","#252122","#C0C0C0","#518CD0","#518CD0","#518CD0",0,""
708,"Toyama","TOY","Thunderbirds","toyama_thunderbirds.png",80857,461,141,0,1,98,0,7,0,0,0,0,"#00882F","#FDBA00","#006035","#006035","#006035","#FDBA00","#FDBA00","#FDBA00",0,""
709,"Fukui","FUK","Miracle Elephants","fukui_miracle_elephants.png",24595,462,141,0,1,98,0,7,0,0,0,0,"#040F38","#FDBC00","#040F38","#FDBC00","#FFFFFF","#040F38","#040F38","#FDBC00",0,""
710,"Niigata","ALB","Albirex","niigata_albirex.png",55586,463,141,0,0,98,0,7,0,0,0,0,"#004CA0","#ED561E","#004CA0","#FFEA01","#FFFFFF","#004CA0","#ED561E","#ED561E",0,""
711,"Ishikawa","ISH","Million Stars","ishikawa_million_stars.png",36808,464,141,0,1,98,0,7,0,0,0,0,"#00004C","#F4D400","#00004C","#00004C","#FFFFFF","#00004C","#00004C","#00004C",0,""
712,"Shinano","SHIN","Grandserows","shinano_grandserows.png",53811,465,141,0,0,98,0,7,0,0,0,0,"#CA0000","#000000","#000000","#000000","#FFFFFF","#000000","#CA0000","#CA0000",0,""
713,"Joshin'etsu","AS1","All-Stars","joshin_etsu_all-stars.png",0,462,141,0,0,0,0,7,0,0,0,0,"#9B0101","#000000","#9B0101","#9B0101","#9B0101","#9B0101","#000000","#000000",1,""
714,"Hokuriku","AS2","All-Stars","hokuriku_all-stars.png",0,467,141,0,0,0,0,7,0,0,0,0,"#1E1E9E","#FFFFFF","#1E1E9E","#1E1E9E","#1E1E9E","#1E1E9E","#FFFFFF","#FFFFFF",1,""
715,"Musashi","MUS","Heat Bears","musashi_heat_bears.png",69261,466,141,0,0,98,0,7,0,0,0,0,"#02115B","#A10D0D","#02115B","#02115B","#FFFFFF","#A10D0D","#02115B","#02115B",0,""
716,"Fukushima","HOOP","Hopes","fukushima_hopes.png",24589,467,141,0,1,98,0,7,0,0,0,0,"#A90B1E","#CCBC94","#A90B1E","#A90B1E","#FFFFFF","#A90B1E","#A90B1E","#A90B1E",0,""
717,"Las Vegas","LVTR","Train Robbers","las_vegas_train_robbers.png",43941,468,142,0,0,206,0,7,0,0,0,0,"#0000FC","#FC0000","#0000FC","#FC0000","#0000FC","#FC0000","#0000FC","#0000FC",0,""
718,"Roswell","ROS","Invaders","roswell_invaders.png",65591,469,142,0,1,206,0,7,0,0,0,0,"#000066","#00FE00","#000066","#000066","#FFFFFF","#FFFFFF","#000066","#000066",0,""
719,"Garden City","GC","Wind","garden_city_wind.png",27777,470,142,0,0,206,0,7,0,0,0,0,"#042E56","#9CBDF7","#042E56","#042E56","#FFFFFF","#C5C5C5","#042E56","#042E56",0,""
720,"White Sands","WhSa","Pupfish","white_sands_pupfish.png",1268,471,142,0,1,206,0,7,0,0,0,0,"#000000","#BDB174","#000000","#000000","#FFFFFF","#DCDCDC","#000000","#000000",0,""
721,"Alpine","ALP","Cowboys","alpine_cowboys.png",1827,472,142,0,1,206,0,7,0,0,0,0,"#FD0000","#FFFFFF","#FD0000","#FD0000","#FFFFFF","#FD0000","#FD0000","#FD0000",0,""
722,"Las Cruces","LC","Vaqueros","las_cruces_vaqueros.png",43894,473,142,0,1,206,0,7,0,0,0,0,"#003DA5","#FFFFFF","#01BCFF","#01BCFF","#FFFFFF","#BFBFBF","#01BCFF","#01BCFF",0,""
723,"Santa Fe","SF","Fuego","santa_fe_fuego.png",71109,474,142,0,0,206,0,7,0,0,0,0,"#231F20","#ED1C24","#231F20","#231F20","#FFFFFF","#D5D5D5","#231F20","#231F20",0,""
724,"Trinidad","TRIN","Triggers","trinidad_triggers.png",81153,475,142,0,0,206,0,7,0,0,0,0,"#020202","#FFD600","#020202","#020202","#FFFFFF","#E1E1E1","#020202","#020202",0,""
725,"","AS1","All-Stars","_all-stars.png",0,469,142,0,0,0,0,7,0,0,0,0,"#9B0101","#000000","#9B0101","#9B0101","#9B0101","#9B0101","#000000","#000000",1,""
726,"","AS2","All-Stars","_all-stars.png",0,468,142,0,0,0,0,7,0,0,0,0,"#1E1E9E","#FFFFFF","#1E1E9E","#1E1E9E","#1E1E9E","#1E1E9E","#FFFFFF","#FFFFFF",1,""
731,"kt","KT2","wiz2","kt_wiz2.png",77115,479,121,0,0,177,459,6,0,0,0,0,"#EC1C23","#231F20","#000000","#000000","#FFFFFF","#000000","#000000","#FF0000",0,""
733,"Norte","AS1","All-Stars","norte_all-stars.png",0,331,127,0,0,0,0,8,0,0,0,0,"#9B0101","#000000","#9B0101","#9B0101","#9B0101","#9B0101","#000000","#000000",1,""
734,"Sur","AS2","All-Stars","sur_all-stars.png",0,330,127,0,0,0,0,8,0,0,0,0,"#1E1E9E","#FFFFFF","#1E1E9E","#FFFFFF","#1E1E9E","#1E1E9E","#FFFFFF","#FFFFFF",1,""
735,"Sussex County","SC","Miners","sussex_county_miners.png",55211,481,136,1,0,206,0,7,0,0,0,0,"#000000","#F3D182","#000000","#000000","#FFFFFF","#E2E2E2","#000000","#000000",0,""
736,"Kansas City (AZL)","AKC","Royals","kansas_city_(azl)_royals.png",77041,233,114,0,2,206,43,6,0,0,0,0,"#004687","#C09A5B","#004687","#C09A5B","#004687","#004687","#C09A5B","#C09A5B",0,""
737,"DSS","DSS","Honkbal","dss_honkbal.png",30146,483,132,0,0,85,0,8,0,0,0,0,"#32939C","#000000","#800000","#800000","#FFFFFF","#B7B7B7","#800000","#800000",0,""
738,"Seattle 2 (DSL)","Mar2","Mariners 2","seattle_2_(dsl)_mariners_2.png",10196,484,133,0,1,56,54,6,0,0,0,0,"#0C2C56","#005C5C","#0C2C56","#005C5C","#0C2C56","#0C2C56","#005C5C","#005C5C",0,""
739,"Boston 2 (DSL)","Rso2","Red Sox 2","boston_2_(dsl)_red_sox_2.png",10196,485,133,0,4,56,34,6,0,0,0,0,"#BD3039","#0D2B56","#BD3039","#0D2B56","#BD3039","#BD3039","#0D2B56","#0D2B56",0,""
740,"Groningen","GRO","Blue Chips","groningen_blue_chips.png",27154,486,132,0,0,85,0,8,0,0,0,0,"#1A347E","#FFFFFF","#1A347E","#C0C0C0","#1A347E","#1A347E","#C0C0C0","#C0C0C0",0,""
741,"s-Hertogenbosch","S-H","Diggers","s-hertogenbosch_diggers.png",67141,487,132,0,0,85,0,8,0,0,0,0,"#C0C0C0","#000000","#008253","#C0C0C0","#008253","#008253","#C0C0C0","#C0C0C0",0,""
742,"Chicago","CHI","Nightowls","chicago_nightowls.png",13181,488,137,0,0,206,0,7,0,0,0,0,"#FFEA01","#008253","#9B0101","#171775","#9B0101","#9B0101","#171775","#171775",0,""
743,"Los Angeles","LA","Scots","los_angeles_scots.png",41955,489,137,0,1,206,0,7,0,0,0,0,"#F37A03","#FFFFFF","#9B0101","#FFFFFF","#9B0101","#9B0101","#FFFFFF","#FFFFFF",0,""
